,CAS,避免接触条件
0,100-01-6,受热
1,100-02-7,受热
2,100-07-2,潮湿空气
3,100-11-8,受热、潮湿空气
4,100-12-9,受热
5,100-14-1,潮湿空气
6,100-16-3,摩擦、震动或撞击
7,100-17-4,受热
8,100-20-9,受热、潮湿空气
9,100-25-4,摩擦、震动、撞击
10,100-28-7,接触潮气可分解
11,100-29-8,受热
12,100-37-8,无资料
13,100-39-0,受热
14,100-41-4,无资料
15,100-42-5,受热
16,100-43-6,光照
17,100-44-7,潮湿空气、受热
18,100-47-0,高热
19,100-53-8,受热
20,100-56-1,光照
21,100-61-8,受热
22,100-63-0,受热、光照、接触空气
23,100-66-3,无资料
24,100-69-6,受热
25,100-97-0,受热
26,100-99-2,潮湿空气、空气
27,1002-16-0,受热
28,10022-31-8,潮湿空气
29,10024-97-2,无资料
30,10025-68-0,潮湿空气
31,10025-78-2,潮湿空气
32,10025-87-3,潮湿空气
33,10025-91-9,潮湿空气
34,10026-04-7,潮湿空气
35,10026-07-0,接触潮湿空气
36,10026-11-6,潮湿空气
37,10026-13-8,潮湿空气
38,10031-13-7,光照
39,10031-18-2,光照
40,10034-81-8,受热
41,10034-85-2,潮湿空气
42,10035-10-6,潮湿空气
43,10038-98-9,潮湿空气
44,10045-94-0,受热
45,10049-04-4,受热、光照
46,10099-59-9,受热
47,10099-74-8,受热
48,101-02-0,接触潮气可分解
49,101-14-4,"Avoid contact with chemically-active metals (e.g., potassium, sodium, magnesium, zinc)."
50,101-25-7,受热、摩擦、震动或撞击
51,101-54-2,光照
52,101-68-8,潮湿空气
53,101-77-9,光照
54,101-82-6,光照
55,101-83-7,无资料
56,10101-50-5,受热，震动和撞击
57,10102-43-9,空气
58,10103-61-4,受热
59,10108-64-2,受热
60,10108-73-3,受热
61,10112-91-1,光照、潮湿空气
62,10118-76-0,受热，震动和撞击
63,10124-48-8,光照
64,10124-50-2,空气、受热
65,10141-05-6,受热、潮湿空气
66,10192-29-7,撞击、摩擦、受热
67,102-69-2,受热
68,102-82-9,无资料
69,10217-52-4,空气、紫外线
70,10241-05-1,潮湿空气
71,10265-92-6,受热
72,10294-33-4,受热、潮湿空气、光照
73,10294-34-5,潮湿空气
74,10294-56-1,"Strong bases, strong oxidizing agents, strong reducing agents."
75,103-65-1,无资料
76,103-69-5,光照、受热
77,103-71-9,受热、潮湿空气
78,103-72-0,受热、潮湿空气
79,103-80-0,潮湿空气
80,103-83-3,光照
81,10325-94-7,受热
82,10326-21-3,撞击、摩擦、受热
83,10361-37-2,潮湿空气
84,10361-44-1,潮湿空气
85,10377-60-3,潮湿空气
86,104-51-8,无资料
87,104-75-6,无资料
88,104-83-6,潮湿空气
89,104-92-7,受热
90,104-94-9,光照
91,10421-48-4,潮湿空气
92,10450-60-9,受热
93,105-05-5,无资料
94,105-36-2,受热
95,105-37-3,无资料
96,105-39-5,无资料
97,105-46-4,无资料
98,105-54-4,无资料
99,105-56-6,潮湿空气
100,105-57-7,空气、光照
101,105-58-8,无资料
102,105-64-6,受热、光照
103,105-66-8,无资料
104,105-68-0,无资料
105,10544-72-6,无资料
106,10544-73-7,无资料
107,10545-99-0,潮湿空气、受热
108,10567-69-8,受热
109,10588-01-9,潮湿空气
110,106-31-0,潮湿空气
111,106-35-4,无资料
112,106-40-1,光照
113,106-41-2,受热
114,106-42-3,无资料
115,106-43-4,无资料
116,106-44-5,光照
117,106-45-6,无资料
118,106-47-8,受热
119,106-48-9,受热
120,106-49-0,光照
121,106-50-3,受热
122,106-51-4,无资料
123,106-63-8,受热、接触空气
124,106-70-7,受热
125,106-88-7,受热，接触空气
126,106-92-3,空气
127,106-93-4,光照、受热
128,106-94-5,受热
129,106-95-6,受热
130,106-97-8,无资料
131,106-98-9,受热
132,106-99-0,受热、光照
133,1068-27-5,"Organic compounds can ignite on contact with concentrated peroxides, strongly reduced material such as sulfides, nitrides, and hydrides"
134,107-00-6,受热
135,107-01-7,受热
136,107-02-8,受热、光照、接触空气
137,107-03-9,受热
138,107-05-1,受热，接触空气
139,107-06-2,受热
140,107-07-3,潮湿空气
141,107-08-4,受热
142,107-10-8,无资料
143,107-11-9,受热
144,107-12-0,无资料
145,107-13-1,受热、光照、接触空气
146,107-14-2,受热
147,107-15-3,无资料
148,107-16-4,"热,火焰和火花"
149,107-18-6,"热,火焰和火花"
150,107-19-7,受热
151,107-20-0,无资料
152,107-25-5,受热、空气
153,107-27-7,光照、受热
154,107-30-2,潮湿空气
155,107-31-3,无资料
156,107-46-0,潮湿空气
157,107-72-2,潮湿空气
158,107-83-5,无资料
159,107-84-6,受热
160,107-85-7,无资料
161,107-87-9,无资料
162,107-92-6,无资料
163,107-94-8,受热
164,108-01-0,无资料
165,108-03-2,强烈震动、受热
166,108-05-4,受热、光照
167,108-08-7,无资料
168,108-09-8,无资料
169,108-10-1,无资料
170,108-16-7,受热
171,108-18-9,无资料
172,108-20-3,接触空气
173,108-21-4,无资料
174,108-23-6,潮湿空气、受热
175,108-24-7,潮湿空气
176,108-31-6,潮湿空气
177,108-38-3,无资料
178,108-39-4,光照
179,108-40-7,无资料
180,108-42-9,受热
181,108-43-0,受热
182,108-44-1,光照
183,108-45-2,受热、光照
184,108-46-3,受热、光照
185,108-47-4,受热
186,108-48-5,无资料
187,108-64-5,无资料
188,108-70-3,受热
189,108-73-6,光照、受热
190,108-77-0,潮湿空气
191,108-86-1,无资料
192,108-87-2,无资料
193,108-88-3,无资料
194,108-90-7,无资料
195,108-91-8,受热
196,108-94-1,无资料
197,108-95-2,光照
198,108-98-5,无资料
199,108-99-6,受热
200,109-02-4,受热
201,109-05-7,无资料
202,109-06-8,受热
203,109-21-7,无资料
204,109-53-5,光照
205,109-55-7,接触空气
206,109-60-4,无资料
207,109-61-5,受热、潮湿空气
208,109-65-9,受热
209,109-66-0,无资料
210,109-67-1,受热
211,109-68-2,受热
212,109-69-3,受热
213,109-73-9,无资料
214,109-74-0,无资料
215,109-76-2,受热
216,109-77-3,无资料
217,109-79-5,受热
218,109-86-4,空气、光照
219,109-87-5,空气、光照
220,109-89-7,无资料
221,109-90-0,潮湿空气
222,109-92-2,受热、光照
223,109-93-3,受热
224,109-94-4,无资料
225,109-95-5,受热、光照
226,109-97-7,光照、空气
227,109-99-9,光照、空气
228,110-00-9,空气
229,110-01-0,无资料
230,110-18-9,受热
231,110-19-0,无资料
232,110-43-0,无资料
233,110-45-2,无资料
234,110-46-3,受热
235,110-49-6,无资料
236,110-53-2,受热
237,110-54-3,无资料
238,110-56-5,受热
239,110-58-7,无资料
240,110-59-8,受热
241,110-60-1,无资料
242,110-61-2,无资料
243,110-62-3,受热
244,110-65-6,摩擦、撞击
245,110-66-7,无资料
246,110-68-9,无资料
247,110-69-0,无资料
248,110-71-4,空气、光照
249,110-74-7,无资料
250,110-78-1,潮湿空气
251,110-80-5,空气、光照
252,110-82-7,无资料
253,110-83-8,受热，接触空气
254,110-85-0,光照、潮湿空气
255,110-89-4,无资料
256,110-91-8,无资料
257,110-96-3,受热
258,110-97-4,受热
259,111-15-9,无资料
260,111-19-3,潮湿空气
261,111-25-1,受热
262,111-26-2,无资料
263,111-30-8,光照
264,111-34-2,光照、空气
265,111-36-4,潮湿空气
266,111-42-2,受热
267,111-43-3,接触空气
268,111-44-4,受热、潮湿空气、光照
269,111-47-7,受热
270,111-49-9,无资料
271,111-50-2,接触潮湿空气
272,111-64-8,接触潮湿空气
273,111-66-0,受热
274,111-67-1,无资料
275,111-68-2,无资料
276,111-69-3,受热
277,111-71-7,无资料
278,111-76-2,空气
279,111-92-2,无资料
280,112-04-9,接触潮气可分解
281,112-24-3,无资料
282,112-55-0,受热
283,112-64-1,接触潮气可分解
284,115-07-1,无资料
285,115-10-6,接触空气、光照
286,115-11-7,受热
287,115-19-5,受热、空气
288,115-21-9,潮湿空气
289,116-14-3,无资料
290,116-15-4,受热
291,116-54-1,受热、潮湿空气
292,117-08-8,"Reacts exothermically with water Reaction with water is accelerated by acids Incompatible with acids, strong oxidizing agents, alcohols, amines, and bases."
293,118-44-5,光照
294,118-69-4,受热
295,118-74-1,受热
296,118-96-7,受热、摩擦、震动、撞击
297,119-26-6,受热、震动、撞击
298,119-27-7,摩擦、撞击、受热
299,119-90-4,受热
300,119-93-7,受热
301,120-12-7,无资料
302,120-80-9,光照、受热
303,120-82-1,受热
304,120-92-3,无资料
305,12013-55-7,接触潮湿空气
306,12037-82-0,受热、潮湿空气
307,12057-74-8,接触潮湿空气
308,121-14-2,受热、摩擦、震动或撞击
309,121-19-7,"Strong oxidizing agents, strong acids, strong bases."
310,121-43-7,潮湿空气
311,121-44-8,无资料
312,121-45-9,潮湿空气
313,121-51-7,接触潮湿空气
314,121-69-7,受热
315,121-73-3,受热
316,121-75-5,受热
317,121-82-4,受热
318,121-87-9,光照
319,12125-01-8,接触潮湿空气
320,12136-45-7,受热、潮湿空气
321,12165-69-4,受热、潮湿空气
322,12185-10-3,空气
323,122-01-0,接触潮湿空气
324,122-04-3,潮湿空气
325,122-51-0,潮湿空气
326,122-52-1,接触潮气可分解
327,122-56-5,空气
328,122-66-7,受热
329,12263-85-3,接触潮湿空气
330,123-20-6,光照易聚合
331,123-23-9,受热、光、摩擦、震动、撞击
332,123-30-8,受热
333,123-31-9,光照、接触空气
334,123-38-6,受热、接触空气
335,123-51-3,无资料
336,123-62-6,潮湿空气
337,123-63-7,受热
338,123-66-0,受热
339,123-72-8,受热，接触空气
340,123-86-4,无资料
341,123-91-1,光照，接触空气
342,123-92-2,无资料
343,124-09-4,受热
344,124-11-8,接触空气
345,124-18-5,无资料
346,124-38-9,无资料
347,124-40-3,无资料
348,124-41-4,潮湿空气
349,124-47-0,受热、摩擦、震动和撞击
350,124-63-0,受热、潮湿空气
351,124-87-8,光照
352,12427-38-2,空气、光照
353,12504-13-1,接触潮湿空气
354,126-72-7,受热
355,126-98-7,受热、空气
356,126-99-8,受热，接触空气
357,127-18-4,受热
358,127-85-5,无资料
359,127-91-3,无资料
360,129-79-3,热、摩擦、震动和撞击
361,1299-86-1,潮湿空气
362,1303-28-2,潮湿空气
363,1304-29-6,撞击、摩擦、潮湿空气
364,1305-79-9,潮湿空气
365,1306-24-7,受热、潮湿空气
366,1309-60-0,光照、受热
367,131-52-2,光照可分解
368,131-73-7,受热、摩擦、震动、撞击
369,131-74-8,受热、摩擦、震动、撞击
370,1310-58-3,潮湿空气
371,1310-73-2,潮湿空气
372,1310-82-3,接触潮湿空气
373,1312-73-8,空气
374,1313-59-3,接触潮湿空气
375,1313-60-6,摩擦、潮湿空气
376,1313-82-2,空气
377,13138-45-9,受热
378,1314-12-1,空气
379,1314-18-7,碰撞、摩擦、受热、潮湿空气
380,1314-22-3,碰撞、摩擦、潮湿空气
381,1314-41-6,无资料
382,1314-56-3,潮湿空气
383,1314-60-9,潮湿空气
384,1314-80-3,摩擦、撞击、潮湿空气
385,1314-85-8,受热、潮湿空气
386,1315-09-9,光照
387,1317-36-8,无资料
388,1327-53-3,受热
389,1330-20-7,"Strong acids, strong oxidizers and 1,3-dichloro-5,5-dimethyl-2,4-imidazolidindione (dichlorohydrantoin). Attacks some forms of plastics, rubber and coatings."
390,1330-78-5,受热
391,13327-32-7,无资料
392,1333-74-0,光照
393,1333-82-0,潮湿空气
394,1333-83-1,接触潮气可分解
395,1335-31-5,受热、光照
396,1336-21-6,受热
397,1338-23-4,受热、光照
398,134-32-7,无资料
399,13400-13-0,无资料
400,1341-49-7,潮湿空气
401,13446-09-8,受热
402,13446-48-5,受热分解
403,13446-74-7,无资料
404,1345-04-6,潮湿空气、受热
405,13455-24-8,受热
406,13463-39-3,受热
407,13463-40-6,接触空气、光照
408,13465-95-7,受热
409,13470-01-4,受热
410,13477-00-4,撞击、摩擦、受热
411,13477-09-3,接触潮湿空气
412,13477-36-6,受热
413,135-01-3,无资料
414,135-88-6,无资料
415,135-98-8,无资料
416,13597-99-4,受热
417,13598-36-2,受热、潮湿空气
418,136-35-6,受热
419,13637-76-8,受热
420,13762-51-1,潮湿空气
421,13765-03-2,受热
422,13780-06-8,受热
423,138-86-3,潮湿空气、受热
424,13863-41-7,受热、潮湿空气
425,139-02-6,受热、潮湿空气
426,13967-90-3,摩擦、受热
427,1397-94-0,防潮
428,140-29-4,无资料
429,140-88-5,受热、接触空气
430,1402-38-6,"热,火焰和火花"
431,1402-38-6, 日晒
432,1402-38-6,光照
433,141-32-2,受热、光照、接触空气
434,141-52-6,接触潮湿空气
435,141-57-1,接触潮气可分解
436,141-75-3,潮湿空气
437,141-78-6,无资料
438,141-93-5,无资料
439,142-28-9,受热
440,142-29-0,受热，接触空气
441,142-59-6,受热、光照
442,142-61-0,潮湿空气
443,142-82-5,无资料
444,142-96-1,光照、空气
445,1421-68-7,"热,火焰和火花"
446,143-33-9,潮湿空气
447,144-49-0,受热
448,1445-45-0,接触潮湿空气
449,14518-94-6,摩擦、受热
450,14519-07-4,摩擦、受热
451,14519-18-7,摩擦、受热
452,1461-22-9,Strong oxidizing agents.
453,149-73-5,接触潮湿空气
454,149-74-6,潮湿空气
455,14977-61-8,光照、潮湿空气
456,150-46-9,潮湿空气
457,151-50-8,潮湿空气
458,15120-21-5,接触潮湿空气
459,15232-76-5,受热
460,15271-41-7,"热,火焰和火花"
461,15271-41-7, 日晒
462,15593-61-0,受热
463,156-43-4,光照
464,156-62-7,潮湿空气
465,15630-89-4,"Can react with reducing agents to generate heat and products that may be gaseous (causing pressurization of closed containers) Can react violently with active metals, cyanides, esters, and thiocyanates."
466,1569-02-4,空气
467,1569-69-3,受热
468,15829-53-5,光照可分解
469,1600-27-7,光照
470,1609-86-5,受热、接触潮湿空气
471,16111-62-9,受热、光照
472,1629-58-9,光照可分解
473,1634-04-4,无资料
474,1640-89-7,无资料
475,1656-44-6,潮湿空气
476,1663-67-8,接触潮气可分解
477,1678-91-7,无资料
478,1678-93-9,无资料
479,16853-85-3,潮湿空气、受热
480,16872-11-0,受热
481,1694-92-4,接触潮湿空气
482,16940-66-2,潮湿空气
483,16949-15-8,潮湿空气
484,16961-83-4,受热
485,17014-71-0,摩擦、潮湿空气
486,17109-49-8,紫外光照射
487,1712-64-7,受热
488,1719-53-5,接触潮湿空气
489,17194-00-2,潮湿空气
490,17702-41-9,潮湿空气
491,1789-58-8,潮湿空气
492,1795-48-8,受热、接触潮湿空气
493,1825-62-3,潮湿空气
494,1838-59-1,光照、空气
495,1885-14-9,潮湿空气
496,19287-45-7,潮湿空气
497,19624-22-7,摩擦、撞击、受热、潮湿空气
498,1989-53-3,接触潮湿空气
499,2031-67-6,潮湿空气
500,20324-26-9,受热
501,2040-95-1,无资料
502,2045-00-3,光照
503,2050-60-4,受热
504,2050-92-2,受热
505,20694-39-7,摩擦、震动
506,20770-41-6,接触潮湿空气
507,20859-73-8,潮湿空气
508,21109-95-5,潮湿空气
509,2116-65-6,光照
510,21351-79-1,Strong acids.
511,21908-53-2,光照
512,2235-25-8,受热
513,23255-69-8,受热、潮湿、日晒、光照
514,23414-72-4,光照、接触空气
515,2344-80-1,接触潮湿空气
516,24279-91-2,"热,火焰和火花"
517,2452-99-5,无资料
518,2524-03-0,潮湿空气
519,2524-04-1,潮湿空气
520,25324-56-5,接触潮湿空气
521,2551-62-4,无资料
522,25550-55-4,受热、摩擦、震动和撞击
523,25659-31-8,受热
524,2657-00-3,"Toxic gases are formed by mixing materials of this class with acids, aldehydes, amides, carbamates, cyanides, inorganic fluorides, halogenated organics, isocyanates, ketones, metals, nitrides, peroxides, phenols, epoxides, acyl halides, and strong oxidizing or reducing agents Flammable gases are formed by mixing materials in this group with alkali metals Explosive combination can occur with strong oxidizing agents, metal salts, peroxides, and sulfides."
525,26571-79-9,接触潮湿空气
526,26628-22-8,受热、摩擦、震动、撞击
527,26762-93-6,"Aluminum, copper, brass, lead, zinc salts, mineral acids, oxidizing or reducing agents all can cause rapid decomp."
528,2696-92-6,潮湿空气
529,2699-79-8,潮湿空气
530,271-89-6,光照
531,27137-85-5,接触潮湿空气
532,27152-57-4,受热
533,2757-18-8,接触潮湿空气
534,27774-13-6,Strong oxidizing agents.
535,2782-57-2,接触潮气可分解
536,2809-67-8,受热
537,2867-47-2,光照易聚合
538,287-92-3,无资料
539,28930-30-5,受热
540,291-64-5,无资料
541,292-64-8,无资料
542,298-00-0,受热
543,298-02-2,受热
544,29921-57-1,光照
545,2999-46-4,潮湿空气
546,2999-74-8,接触潮湿空气
547,300-76-5,受热
548,3006-82-4,"Strong acids, strong bases, strong oxidizers, strong reducing agents."
549,3006-86-8,"Avoid contact with organic materials, powdered metals, strong acids, strong bases and strong oxidizing agents."
550,3012-37-1,受热
551,3018-12-0,受热、潮湿空气
552,302-01-2,受热
553,303-04-8,光照
554,3034-19-3,摩擦、震动或撞击
555,3054-95-3,潮湿空气
556,30685-43-9,受热、潮湿、日晒
557,3087-36-3,潮湿空气
558,3087-37-4,潮湿空气
559,3132-64-7,受热
560,3153-36-4,受热
561,3179-63-3,受热
562,31876-38-7,"热,火焰和火花"
563,3188-13-4,潮湿空气、光照
564,32315-10-9,Oxidizing agents.
565,32749-94-3,空气
566,3282-30-2,接触潮气可分解
567,329-01-1,受热、接触潮湿空气
568,334-88-3,受热、光照、摩擦、震动和撞击
569,34018-28-5,摩擦
570,348-51-6,Oxidizing agents.
571,3497-00-5,接触潮气可分解
572,352-32-9,受热
573,352-93-2,潮湿空气、受热
574,3522-94-9,无资料
575,35223-80-4,受热
576,353-36-6,受热
577,353-50-4,潮湿空气
578,354-32-5,潮湿空气
579,3638-73-1,光照
580,367-11-3,无资料
581,371-40-4,受热
582,372-09-8,受潮
583,372-18-9,无资料
584,37203-43-3,受热、潮湿、日晒、光照
585,3811-04-9,撞击、摩擦、受热
586,382-21-8,光照
587,3982-91-0,受热、潮湿空气
588,407-25-0,潮湿空气
589,4098-71-9,接触潮湿空气
590,4109-96-0,潮湿空气
591,4170-30-3,空气、受热
592,420-46-2,受热
593,4484-72-4,接触潮气可分解
594,460-19-5,潮湿空气
595,462-06-6,无资料
596,462-94-2,受热
597,463-04-7,光照、潮湿空气
598,463-49-0,受热
599,463-71-8,接触潮气可分解
600,463-82-1,无资料
601,471-25-0,受热、光照
602,479-45-8,热、摩擦、震动和撞击
603,485-31-4,紫外光照射
604,489-98-5,高温、震动、撞击和摩擦
605,491-35-0,光照
606,50-00-0,接触空气
607,50-07-7,受热、潮湿、日晒、光照
608,502-39-6,"热,火焰和火花"
609,502-39-6, 日晒
610,502-42-1,无资料
611,5026-76-6,受热
612,503-17-3,受热，接触空气
613,503-38-8,接触潮气可分解
614,504-24-5,受热
615,504-29-0,光照
616,504-60-9,受热
617,506-64-9,潮湿空气、光照
618,506-68-3,受热、水蒸气
619,506-77-4,受热、潮湿空气
620,506-78-5,光照
621,506-93-4,受热、摩擦、震动、撞击
622,506-96-7,潮湿空气
623,507-02-8,光照
624,507-09-5,受热
625,509-14-8,受热、摩擦、震动、撞击
626,51-28-5,摩擦、撞击、受热
627,51-43-4,"热,火焰和火花"
628,51-43-4, 日晒
629,51-75-2,接触潮气可分解
630,51-83-2,"热,火焰和火花"
631,5117-16-8,光照、潮湿空气
632,513-35-9,受热
633,513-38-2,无资料
634,513-44-0,受热、潮湿空气
635,513-48-4,光照
636,513-53-1,在空气中缓慢分解
637,519-44-8,震动、撞击、摩擦和受热
638,52-68-6,受热
639,52315-07-8,光照
640,527-69-5,潮湿空气
641,528-29-0,摩擦、震动、撞击
642,5283-66-9,接触潮湿空气
643,5292-43-3,受热
644,532-27-4,潮湿空气
645,532-28-5,接触潮气可分解
646,5329-14-6,受热
647,534-07-6,受热、潮湿空气
648,534-15-6,光照、空气
649,536-74-3,受热
650,539-82-2,无资料
651,540-18-1,无资料
652,540-36-3,无资料
653,540-42-1,无资料
654,540-51-2,受热
655,540-54-5,受热
656,540-59-0,受热
657,540-67-0,无资料
658,540-73-8,受热
659,540-84-1,无资料
660,540-88-5,无资料
661,541-31-1,受热
662,541-41-3,潮湿空气
663,541-42-4,受热、光照
664,541-73-1,受热
665,541-88-8,潮湿空气
666,5419-55-6,潮湿空气
667,542-55-2,无资料
668,542-56-3,受热
669,542-62-1,潮湿空气
670,542-69-8,无资料
671,542-75-6,受热
672,542-76-7,受热
673,542-88-1,潮湿空气、受热
674,542-90-5,受热
675,542-92-7,受热，接触空气
676,543-20-4,受热、潮湿空气
677,543-27-1,受热、潮湿空气
678,543-67-9,受热
679,544-01-4,空气、光照
680,544-10-5,受热
681,544-13-8,受热
682,544-16-1,受热
683,544-92-3,潮湿空气、受热
684,544-97-8,接触空气
685,545-06-2,受热、潮湿空气
686,546-68-9,潮湿空气
687,547-64-8,无资料
688,55-63-0,暴冷暴热、撞击、摩擦、受热
689,55-91-4,潮湿空气
690,552-46-5,光照
691,553-90-2,受热
692,554-00-7,受热
693,554-12-1,无资料
694,554-84-7,受热
695,555-03-3,受热
696,556-56-9,光照
697,556-64-9,受热
698,556-88-7,热、摩擦、震动及撞击
699,557-17-5,受热、空气
700,557-20-0,接触空气
701,557-21-1,潮湿空气
702,557-31-3,光照、空气
703,557-40-4,光照、空气
704,557-98-2,受热，接触空气
705,558-13-4,光照
706,558-17-8,受热
707,56-23-5,潮湿空气、光照
708,56-35-9,Strong oxidizing agents.
709,56-38-2,受热
710,562-49-2,无资料
711,5628-99-9,"热,火焰和火花"
712,563-12-2,受热
713,563-45-1,受热、光照
714,563-46-2,受热
715,563-52-0,受热、光照
716,563-54-2,受热
717,563-68-8,接触潮湿空气
718,563-76-8,潮湿空气
719,563-80-4,无资料
720,564-02-3,无资料
721,565-59-3,无资料
722,565-75-3,无资料
723,57-06-7,潮湿空气
724,57-14-7,受热
725,577-19-5,受热
726,578-54-1,受热
727,580-17-6,光照
728,581-89-5,受热
729,583-15-3,光照
730,583-58-4,光照
731,5836-29-3,光照可分解
732,584-84-9,受热、潮湿空气
733,584-94-1,无资料
734,586-75-4,接触潮湿空气
735,586-78-7,受热
736,587-85-9,受热
737,589-38-8,无资料
738,589-43-5,无资料
739,5894-60-0,接触潮气可分解
740,59-85-8,光照
741,590-01-2,无资料
742,590-35-2,无资料
743,590-66-9,无资料
744,590-73-8,无资料
745,590-86-3,无资料
746,591-22-0,受热
747,591-27-5,受热
748,591-76-4,无资料
749,591-87-7,光照
750,591-93-5,受热
751,592-01-8,潮湿空气
752,592-04-1,潮湿空气、光照
753,592-34-7,受热、潮湿空气
754,592-41-6,受热，接触空气
755,592-42-7,受热，接触空气
756,592-43-8,受热、光照
757,592-45-0,受热，接触空气
758,592-55-2,光照、空气
759,592-57-4,受热，接触空气
760,592-76-7,受热，接触空气
761,592-77-8,受热，接触空气
762,592-78-9,受热，接触空气
763,592-84-7,无资料
764,592-85-8,光照
765,593-53-3,受热
766,593-60-2,光照
767,593-90-8,潮湿空气
768,594-42-3,潮湿空气
769,594-68-3,光照
770,595-90-4,光照
771,598-14-1,光照
772,598-16-3,无资料
773,598-21-0,接触潮湿空气
774,598-22-1,潮湿空气
775,598-31-2,光照
776,598-72-1,受热
777,598-78-7,受热
778,60-29-7,受热、接触空气
779,60-34-4,受热
780,60-57-1,无资料
781,603-35-0,受热
782,6032-29-7,无资料
783,605-69-6,受热、摩擦、撞击
784,606-22-4,受热
785,608-27-5,受热
786,608-31-1,受热
787,608-73-1,"Incompatible with strong oxidizing and reducing agents Incompatible with many amines, nitrides, azo/diazo compounds, alkali metals, and epoxides."
788,609-73-4,受热
789,610-14-0,接触潮湿空气
790,610-67-3,受热
791,611-32-5,光照
792,612-22-6,受热
793,612-23-7,潮湿空气
794,612-60-2,光照
795,612-82-8,Strong oxidizers.
796,6125-21-9,震动、受热
797,614-45-9,受热
798,615-36-1,光照
799,616-38-6,无资料
800,6164-98-3,受热
801,617-83-4,潮湿空气
802,617-85-6,潮湿空气、空气
803,618-87-1,受热
804,619-23-8,潮湿空气
805,619-80-7,受热
806,62-53-3,无资料
807,62-56-6,受热
808,62-73-7,受热
809,620-22-4,Strong oxidizing agents.
810,621-33-0,"Air, acid anhydrides, acid chlorides, acids, chloroformates, direct light, strong oxidizing agents."
811,622-97-9,受热，接触空气
812,623-42-7,无资料
813,623-43-8,受热、空气
814,623-46-1,Moisture sensitive. Keep away from strong oxidizing agents and strong bases.
815,623-48-3,光照
816,623-70-1,光照
817,623-73-4,受热
818,623-96-1,无资料
819,624-54-4,无资料
820,624-83-9,潮湿空气
821,624-91-9,受热、光照
822,625-28-5,受热
823,625-59-2,受热
824,625-86-5,空气
825,626-93-7,受热
826,627-05-4,强烈震动、受热
827,627-13-4,无资料
828,627-19-0,受热
829,627-30-5,潮湿空气
830,628-17-1,光照
831,628-28-4,接触空气、光照
832,628-32-0,受热、光照
833,628-41-1,受热，接触空气
834,628-63-7,无资料
835,628-71-7,受热，接触空气
836,628-73-9,受热
837,628-76-2,受热
838,629-05-0,受热
839,629-14-1,光照、空气
840,629-20-9,受热，接触空气
841,629-33-4,无资料
842,6290-49-9,"Oxidizing agents, acids, bases."
843,630-08-0,无资料
844,6303-21-5,受热
845,631-60-7,光照
846,634-66-2,受热
847,634-90-2,受热
848,634-93-5,受热
849,636-30-6,受热
850,638-11-9,无资料
851,638-49-3,无资料
852,64-17-5,无资料
853,64-18-6,无资料
854,64-19-7,无资料
855,64-67-5,潮湿空气、受热
856,64-69-7,受热
857,64013-16-7,光照、潮湿空气
858,644-31-5,接触潮湿空气
859,644-49-5,无资料
860,644-97-3,接触潮气可分解
861,646-06-0,光照，接触空气
862,6484-52-2,震动
863,67-56-1,无资料
864,67-63-0,无资料
865,67-64-1,无资料
866,67-66-3,灼热、光照
867,67-72-1,光照、受热
868,670-54-2,接触潮气可分解
869,6731-36-8,"Organic compounds can ignite on contact with concentrated peroxides, strongly reduced material such as sulfides, nitrides, and hydrides"
870,674-82-8,受热
871,68-11-1,受热
872,68-12-2,无资料
873,681-84-5,潮湿空气、受热
874,683-18-1,"Moisture, strong acids, strong bases, strong oxidizing agents."
875,68476-85-7,无资料
876,688-73-3,Strong oxidizing agents.
877,693-02-7,受热，接触空气
878,694-05-3,受热
879,694-83-7,光照
880,70-34-8,受热
881,71-23-8,无资料
882,71-36-3,无资料
883,71-41-0,无资料
884,71-43-2,无资料
885,71-55-6,光照
886,722-27-0,接触空气
887,74-82-8,无资料
888,74-83-9,无资料
889,74-84-0,无资料
890,74-85-1,无资料
891,74-86-2,无资料
892,74-87-3,潮湿空气
893,74-88-4,无资料
894,74-89-5,无资料
895,74-90-8,受热、光照
896,74-93-1,潮湿空气
897,74-95-3,光照、受热
898,74-96-4,受热、光照
899,74-97-5,无资料
900,74-98-6,无资料
901,7429-90-5,潮湿空气
902,7439-93-2,空气、潮湿空气
903,7439-95-4,潮湿空气
904,7439-96-5,潮湿空气
905,7440-00-8,受热、空气
906,7440-01-9,无资料
907,7440-09-7,潮湿空气
908,7440-17-7,空气、潮湿空气
909,7440-21-3,潮湿空气
910,7440-23-5,空气、潮湿空气
911,7440-24-6,空气、潮湿空气
912,7440-28-0,潮湿空气
913,7440-32-6,潮湿空气
914,7440-36-0,潮湿空气
915,7440-37-1,无资料
916,7440-38-2,受热
917,7440-39-3,潮湿空气
918,7440-41-7,空气
919,7440-43-9,空气
920,7440-45-1,空气、受热
921,7440-46-2,潮湿空气、空气
922,7440-59-7,无资料
923,7440-63-3,无资料
924,7440-66-6,潮湿空气
925,7440-67-7,空气
926,7440-70-2,潮湿空气
927,7446-09-5,潮湿空气
928,7446-11-9,潮湿空气
929,7446-70-0,潮湿空气
930,7487-94-7,光照
931,75-00-3,无资料
932,75-01-4,受热
933,75-02-5,受热、光照
934,75-03-6,受热、光照、接触空气
935,75-04-7,无资料
936,75-05-8,无资料
937,75-07-0,受热、接触空气
938,75-09-2,光照、潮湿空气
939,75-11-6,受热、光照
940,75-15-0,受热
941,75-16-1,光照
942,75-18-3,受热
943,75-19-4,无资料
944,75-20-7,潮湿空气
945,75-21-8,受热，光照
946,75-25-2,光照
947,75-26-3,受热
948,75-28-5,无资料
949,75-29-6,受热
950,75-30-9,光照
951,75-31-0,无资料
952,75-33-2,在空气中缓慢分解
953,75-34-3,受热
954,75-35-4,受热
955,75-36-5,受热、潮湿空气
956,75-37-6,受热
957,75-38-7,受热
958,75-43-4,无资料
959,75-44-5,潮湿空气、受热
960,75-45-6,无资料
961,75-46-7,受热
962,75-47-8,光照、受热、摩擦、撞击
963,75-50-3,受热
964,75-52-5,震动、受热
965,75-54-7,潮湿空气
966,75-56-9,受热
967,75-64-9,受热
968,75-65-0,无资料
969,75-66-1,受热
970,75-68-3,受热
971,75-69-4,受热
972,75-71-8,受热
973,75-72-9,无资料
974,75-73-0,无资料
975,75-76-3,潮湿空气
976,75-77-4,潮湿空气
977,75-78-5,潮湿空气、受热
978,75-79-6,潮湿空气、受热
979,75-83-2,无资料
980,75-87-6,受热
981,75-88-7,受热
982,75-89-8,潮湿空气
983,75-91-2,受热、阳光曝晒、撞击
984,75-94-5,潮湿空气
985,75-96-7,光照
986,75-97-8,无资料
987,7521-80-4,接触潮气可分解
988,7550-45-0,潮湿空气
989,7578-36-1,接触潮湿空气
990,12136-45-7,受热、潮湿空气
991,76-01-7,光照
992,76-03-9,受热
993,76-05-1,受热
994,76-06-2,受热
995,76-14-2,受热
996,76-15-3,受热
997,76-86-8,接触潮气可分解
998,7601-89-0,受热
999,7601-90-3,潮湿空气、受热
1000,763-29-1,受热、光照
1001,7631-90-5,接触空气
1002,7631-99-4,受热
1003,7632-00-0,受热
1004,7637-07-2,潮湿空气
1005,764-41-0,光照、空气
1006,7645-25-2,受热
1007,7646-69-7,受热、潮湿空气
1008,7646-78-8,潮湿空气
1009,7647-01-0,受热
1010,7647-18-9,潮湿空气
1011,7647-19-0,潮湿空气
1012,766-09-6,无资料
1013,7664-38-2,受热、潮湿空气
1014,7664-39-3,潮湿空气
1015,7664-41-7,无资料
1016,7664-93-9,水
1017,7681-49-4,无资料
1018,7681-52-9,受热、光照
1019,7681-55-2,受热、光照
1020,7693-26-7,潮湿空气、受热
1021,7697-37-2,无资料
1022,77-47-4,潮湿空气
1023,77-75-8,受热、空气
1024,77-76-9,无资料
1025,77-77-0,"热,火焰和火花"
1026,77-78-1,潮湿空气
1027,7704-34-9,无资料
1028,7704-99-6,接触潮湿空气
1029,7705-07-9,潮湿空气
1030,7705-08-0,无资料
1031,7718-98-1,接触潮湿空气
1032,7719-09-7,受热、潮湿空气
1033,7719-12-2,潮湿空气
1034,7721-01-9,接触潮气可分解
1035,7722-64-7,受热
1036,7722-84-1,强光、受热、撞击
1037,7723-14-0,受热、摩擦、撞击
1038,7726-95-6,光照
1039,7727-15-3,潮湿空气
1040,7727-18-6,接触潮气可分解
1041,7727-21-1,受热
1042,7727-37-9,无资料
1043,7727-54-0,撞击、受热
1044,7757-79-1,受热、潮湿空气
1045,7758-01-2,摩擦、受热
1046,7758-05-6,受热、光照
1047,7758-09-0,受热
1048,7761-88-8,光照
1049,7774-29-0,受热、光照
1050,7775-09-9,撞击、摩擦、受热
1051,7775-14-6,潮湿空气
1052,7775-27-1,受热
1053,7778-39-4,潮湿空气
1054,7778-43-0,受热
1055,7778-44-1,受热
1056,7778-50-9,潮湿空气
1057,7778-54-3,受热、光照、潮湿空气
1058,7778-74-7,受热
1059,7779-88-6,受热
1060,7782-41-4,潮湿空气
1061,7782-44-7,无资料
1062,7782-50-5,无资料
1063,7782-68-5,光照
1064,7782-82-3,受热
1065,7782-86-7,光照、受热
1066,7782-89-0,接触潮气可分解
1067,7782-99-2,潮湿空气
1068,7783-00-8,受热
1069,7783-06-4,无资料
1070,7783-07-5,受热
1071,7783-08-6,潮湿空气
1072,7783-33-7,光照
1073,7783-35-9,光照
1074,7783-41-7,潮湿空气
1075,7783-46-2,无资料
1076,7783-49-5,无资料
1077,7783-54-2,受热
1078,7783-56-4,潮湿空气
1079,7783-61-1,潮湿空气
1080,7783-66-6,接触潮湿空气
1081,7783-70-2,潮湿空气
1082,7783-80-4,潮湿空气
1083,7783-82-6,潮湿空气
1084,7783-89-3,摩擦、受热
1085,7783-93-9,摩擦、撞击、受热
1086,7783-97-3,受热、光照
1087,7784-21-6,光照可分解
1088,7784-27-2,潮湿空气
1089,7784-33-0,接触潮湿空气
1090,7784-34-1,光照、潮湿空气
1091,7784-35-2,水蒸气、潮湿空气
1092,7784-42-1,无资料
1093,7784-45-4,光照、潮湿空气、受热
1094,7784-46-5,空气、受热
1095,7787-47-5,接触潮气可分解
1096,7787-62-4,接触潮湿空气
1097,7788-97-8,受热
1098,7789-09-5,潮湿空气
1099,7789-18-6,潮湿空气
1100,7789-21-1,潮湿空气
1101,7789-23-3,无资料
1102,7789-29-9,接触潮气可分解
1103,7789-30-2,接触潮湿空气
1104,7789-33-5,潮湿空气、光照
1105,7789-36-8,摩擦、受热
1106,7789-38-0,摩擦、受热
1107,7789-40-4,受热
1108,7789-47-1,光照可分解
1109,7789-60-8,潮湿空气
1110,7789-61-9,受热、光照、潮湿空气
1111,7789-67-5,潮湿空气
1112,7789-69-7,受热、潮湿空气
1113,7789-78-8,潮湿空气
1114,7789-80-2,受热
1115,7790-21-8,受热
1116,7790-28-5,受热
1117,7790-30-9,受热、光照
1118,7790-37-6,受热
1119,7790-47-8,潮湿空气
1120,7790-69-4,受热
1121,7790-81-0,受热
1122,7790-94-5,潮湿空气
1123,7790-98-9,受热
1124,7790-99-0,光照
1125,7791-03-9,受热
1126,7791-12-0,光照
1127,7791-23-3,潮湿空气
1128,7791-25-5,潮湿空气
1129,7791-27-7,接触潮湿空气
1130,78-00-2,受热
1131,78-07-9,接触潮气可分解
1132,78-10-4,水
1133,78-18-2,受热、撞击、摩擦
1134,78-62-6,受热、潮湿空气
1135,78-67-1,摩擦、撞击、受热
1136,78-75-1,光照、受热
1137,78-78-4,无资料
1138,78-79-5,受热
1139,78-80-8,受热、光照
1140,78-81-9,无资料
1141,78-82-0,无资料
1142,78-83-1,受热
1143,78-84-2,无资料
1144,78-85-3,受热、空气
1145,78-86-4,受热
1146,78-89-7,潮湿空气
1147,78-90-0,受热
1148,78-92-2,无资料
1149,78-93-3,无资料
1150,78-94-4,受热
1151,78-95-5,光照
1152,7803-51-2,空气
1153,7803-52-3,受热
1154,7803-62-5,受热、潮湿空气
1155,79-00-5,潮湿空气、光照
1156,79-01-6,光照、紫外线
1157,79-03-8,受热、潮湿空气
1158,79-04-9,受热、潮湿空气
1159,79-06-1,受热、光照
1160,79-08-3,光照、受热
1161,79-09-4,无资料
1162,79-10-7,受热、光照、接触空气
1163,79-11-8,潮湿空气
1164,79-20-9,无资料
1165,79-21-0,受热、光照、震动
1166,79-22-1,潮湿空气
1167,79-24-3,震动、受热
1168,79-27-6,光照
1169,79-30-1,潮湿空气
1170,79-31-2,无资料
1171,79-34-5,光照、潮湿空气
1172,79-36-7,潮湿空气
1173,79-37-8,潮湿空气
1174,79-38-9,受热、光照
1175,79-41-4,光照、受热、紫外线、接触空气
1176,79-43-6,受热
1177,79-44-7,潮湿空气
1178,79-46-9,强烈震动、受热
1179,79-92-5,无资料
1180,80-10-4,潮湿空气
1181,80-15-9,受热
1182,80-17-1,摩擦、撞击
1183,80-51-3,"Toxic gases are formed by mixing materials of this class with acids, aldehydes, amides, carbamates, cyanides, inorganic fluorides, halogenated organics, isocyanates, ketones, metals, nitrides, peroxides, phenols, epoxides, acyl halides, and strong oxidizing or reducing agents Flammable gases are formed by mixing materials in this group with alkali metals Explosive combination can occur with strong oxidizing agents, metal salts, peroxides, and sulfides."
1184,80-56-8,无资料
1185,80-62-6,受热、光照、紫外线、接触空气
1186,8006-64-2,无资料
1187,8014-95-7,潮湿空气
1188,8017-16-1,受热
1189,8030-30-6,无资料
1190,8032-32-4,无资料
1191,81-20-9,受热
1192,81-84-5,接触潮气可分解
1193,814-49-3,"热,火焰和火花"
1194,822-06-0,潮湿空气
1195,823-40-5,Strong oxidizing agents - strong acids.
1196,824-72-6,接触潮气可分解
1197,83-32-9,受热
1198,83-41-0,受热
1199,85-44-9,潮湿空气
1200,86-57-7,受热
1201,865-33-8,"Acids, methanoic acid, oxalic acid), azo, diazo, and hydrazines (e.g. dimethyl hydrazine, hydrazine, methyl hydrazine), isocyanates (e.g. methyl isocyanate), metals (alkali and alkaline, e.g. cesium, potassium, sodium), nitrides (e.g. potassium nitride, sodium nitride), peroxides and hydroperoxides (organic, e.g. acetyl peroxide, benzoyl peroxide, butyl peroxide, methyl ethyl ketone peroxide), epoxides (e.g. butyl glycidyl ether), oxidizing agents (strong, e.g. bromine, hydrogen peroxide, nitrogen dioxide, potassium nitrate), reducing agents (strong, e.g. aluminum carbide, chlorosilane, hydrogen phosphide, lithium hydride), water reactive substances (e.g. acetic anyhdride, alkyl aluminum chlori"
1202,865-44-1,潮湿空气
1203,87-56-9,受热
1204,87-59-2,受热
1205,87-62-7,受热
1206,87-90-1,接触潮气可分解
1207,872-05-9,受热，接触空气
1208,88-72-2,受热
1209,88-74-4,受热
1210,88-75-5,受热
1211,88-88-0,受热、摩擦、震动和撞击
1212,88-89-1,热、摩擦、震动、撞击
1213,88-95-9,潮湿空气
1214,89-62-3,光照
1215,89-75-8,潮湿空气
1216,89-87-2,受热
1217,90-02-8,无资料
1218,90-12-0,受热
1219,90-43-7,光照
1220,9004-70-0,受热
1221,9016-45-9,"Strong mineral acids, strong oxidizing agents."
1222,91-17-8,空气、光照
1223,91-20-3,无资料
1224,91-22-5,受热、光照
1225,91-23-6,受热
1226,91-57-6,受热
1227,91-59-8,无资料
1228,91-62-3,光照
1229,91-63-4,光照、空气
1230,91-66-7,光照
1231,91270-74-5,潮湿空气
1232,92-67-1,受热
1233,926-57-8,光照、空气
1234,928-49-4,受热，接触空气
1235,93-58-3,无资料
1236,93-59-4,受热
1237,931-87-3,受热，接触空气
1238,94-17-7,受热、撞击、摩擦
1239,94-36-0,受热、光照、摩擦、震动
1240,95-46-5,无资料
1241,95-47-6,无资料
1242,95-48-7,光照
1243,95-50-1,潮湿空气、受热
1244,95-51-2,受热
1245,95-53-4,光照、受热
1246,95-54-5,受热、光照
1247,95-55-6,受热
1248,95-56-7,受热
1249,95-57-8,受热
1250,95-63-6,无资料
1251,95-68-1,受热
1252,95-70-5,受热
1253,95-73-8,受热
1254,95-75-0,受热
1255,95-76-1,受热
1256,95-78-3,受热
1257,95-80-7,受热
1258,95-82-9,受热
1259,95-85-2,光照
1260,95-92-1,受热
1261,95-94-3,受热
1262,950-35-6,"热,火焰和火花"
1263,950-35-6, 日晒
1264,96-05-9,Acids; bases; oxidizing agents; reducing agents; peroxides; heavy metals.
1265,96-10-6,潮湿空气
1266,96-14-0,无资料
1267,96-18-4,潮湿空气、光照、受热
1268,96-22-0,无资料
1269,96-24-2,光照、接触潮湿空气
1270,96-29-7,Sensitive to heat Reacts with oxidizing agents Mixtures with strong acids may explode Reacts with sulfuric acid to form an explosive product.
1271,96-32-2,受热
1272,96-33-3,受热、接触空气
1273,96-34-4,受热
1274,96-37-7,无资料
1275,96-41-3,无资料
1276,96-47-9,空气
1277,96-96-8,Oxidizing agents.
1278,961-68-2,受热
1279,97-00-7,震动、受热
1280,97-02-9,受热
1281,97-62-1,无资料
1282,97-63-2,受热、光照、紫外线、接触空气
1283,97-64-3,无资料
1284,97-72-3,潮湿空气
1285,97-85-8,无资料
1286,97-86-9,受热、光照、紫外线、接触空气
1287,97-88-1,受热、光照、紫外线、接触空气
1288,97-93-8,潮湿空气、空气
1289,97-96-1,空气
1290,97-97-2,空气、光照
1291,98-00-0,空气
1292,98-01-1,受热、光照、接触空气
1293,98-07-7,接触潮湿空气
1294,98-09-9,潮湿空气
1295,98-12-4,潮湿空气
1296,98-13-5,受热、潮湿空气
1297,98-15-7,接触潮湿空气
1298,98-54-4,受热
1299,98-58-8,潮湿空气
1300,98-59-9,潮湿空气、受热
1301,98-74-8,接触潮气可分解
1302,98-82-8,无资料
1303,98-83-9,空气
1304,98-87-3,接触潮气可分解
1305,98-88-4,潮湿空气
1306,98-94-2,受热
1307,98-95-3,无资料
1308,99-08-1,受热
1309,99-09-2,受热
1310,99-12-7,受热
1311,99-33-2,接触潮湿空气
1312,99-35-4,受热、撞击、摩擦、震动
1313,99-51-4,受热
1314,99-52-5,无资料
1315,99-57-0,光照
1316,99-63-8,接触潮湿空气
1317,99-65-0,摩擦、震动、撞击
1318,99-73-0,受热
1319,99-99-0,受热
1320,993-00-0,潮湿空气
1321,995-33-5,"Organic compounds can ignite on contact with concentrated peroxides, strongly reduced material such as sulfides, nitrides, and hydrides"
1322,999-97-3,潮湿空气
