,CAS,环境危害
0,100-00-5,对环境有严重危害，对水体可造成污染
1,100-01-6,对水生生物有毒性
2,100-02-7,对水体、土壤和大气可造成污染
3,100-11-8,对环境有害
4,100-12-9,对环境有害
5,100-14-1,对环境有严重危害，对水体可造成污染
6,100-16-3,对环境有害
7,100-17-4,对环境有害
8,100-20-9,对环境有害
9,100-25-4,对水生生物有极高毒性，可能在水生环境中造成长期不利影响
10,100-28-7,对环境有严重危害，对水体可造成污染
11,100-29-8,对环境有害
12,100-35-6,对环境有危害，对水体可造成污染
13,100-37-8,对环境有害
14,100-39-0,对环境有害
15,100-40-3,对环境有危害，对大气可造成污染
16,100-41-4,对水体、土壤和大气可造成污染
17,100-42-5,对水体、土壤和大气可造成污染
18,100-43-6,对环境有危害，对水体可造成污染
19,100-44-7,对水体、土壤和大气可造成污染
20,100-47-0,对水生生物有毒性
21,100-53-8,对环境有害
22,100-56-1,对环境有危害
23,100-61-8,对水生生物有极高毒性，可能在水生环境中造成长期不利影响
24,100-63-0,对水生生物有极高毒性
25,100-66-3,对环境可能有害
26,100-71-0,对环境有危害
27,100-73-2,对环境可能有危害
28,100-97-0,对环境有害
29,100-99-2,对环境有害
30,1002-16-0,对环境可能有害
31,10022-31-8,对水生生物是有毒的
32,10024-97-2,对环境有害
33,10025-68-0,对环境有害
34,10025-78-2,对环境有害
35,10025-87-3,对环境有害
36,10025-91-9,对环境有害
37,10026-04-7,对环境有害
38,10026-11-6,对水生生物有毒性
39,10026-13-8,对环境有害
40,10026-17-2,对环境有危害，对水体可造成污染
41,10031-13-7,对环境有危害，对水体可造成污染
42,10031-18-2,对环境有害
43,10034-81-8,对环境可能有害
44,10034-85-2,对环境有害
45,10035-10-6,对环境有害
46,10038-98-9,对环境有害
47,10045-94-0,对水生生物有极高毒性，可能在水生环境中造成长期不利影响
48,10099-59-9,对环境有害
49,10099-74-8,对环境有害
50,101-25-7,对环境有害
51,101-27-9,对环境有危害
52,101-37-1,对环境有危害
53,101-54-2,对环境可能有危害
54,101-77-9,对环境有危害，对水体可造成污染
55,101-82-6,对环境有危害，对水体可造成污染
56,101-83-7,对水生生物有极高毒性，可能在水生环境中造成长期不利影响
57,10101-50-5,对环境可能有害
58,10102-43-9,对环境有害
59,10102-44-0,对环境有危害，对水体、土壤和大气可造成污染
60,10102-45-1,对环境有危害，对大气可造成污染
61,10102-49-5,对环境有严重危害，对水体可造成污染
62,10103-50-1,对环境有严重危害，对水体可造成污染
63,10108-64-2,对水生生物有极高毒性，可能在水生环境中造成长期不利影响
64,10108-73-3,对环境有害
65,10118-76-0,对环境有害
66,10124-43-3,对环境可能有危害，对水体可造成污染
67,10124-50-2,对水生生物有极高毒性，可能在水生环境中造成长期不利影响
68,10138-60-0,对环境有严重危害，对水体可造成污染
69,10141-05-6,对环境有害
70,10192-29-7,对环境有害
71,102-27-2,对环境有危害，对水体可造成污染
72,102-36-3,对环境有危害
73,102-47-6,对环境有危害，对水体可造成污染
74,102-69-2,对环境有害
75,102-82-9,对环境有害
76,10217-52-4,对水生生物是有害的
77,10241-05-1,对环境有害
78,10265-92-6,对水生生物有极高毒性
79,10290-12-7,对环境有危害，对水体可造成污染
80,10294-33-4,对环境有害
81,10294-34-5,对环境有害
82,103-65-1,对水生生物有毒，可能在水生环境中造成长期不利影响
83,103-69-5,对环境有害
84,103-71-9,对环境有害
85,103-72-0,对环境有害
86,103-80-0,对环境有害
87,103-83-3,对环境有危害
88,1031-47-6,对环境有危害，对水体可造成污染
89,10311-84-9,对环境有危害，对水体可造成污染
90,10325-94-7,对环境有害
91,10326-21-3,对环境有害
92,10326-24-6,对环境有危害，对水体可造成污染
93,10361-37-2,对环境有害
94,10361-44-1,对环境有害
95,10361-95-2,对环境可能有危害
96,10377-60-3,对环境有害
97,104-51-8,对环境有害
98,104-75-6,对水生生物有毒性
99,104-78-9,对环境有危害，对水体可造成污染
100,104-85-8,对环境有危害，对水体可造成污染
101,104-90-5,对环境有危害
102,104-92-7,对环境有害
103,10421-48-4,对环境有害
104,10450-60-9,对环境有害
105,105-05-5,对环境有害
106,105-29-3,对环境可能有危害，对水体可造成污染
107,105-30-6,对环境可能有危害，对水体可造成污染
108,105-36-2,对环境有害
109,105-37-3,对水生生物有毒性
110,105-39-5,对水生生物有极高毒性
111,105-46-4,对环境可能有害
112,105-54-4,对水生生物有毒性
113,105-56-6,对环境有害
114,105-57-7,对环境可能有害
115,105-58-8,对环境可能有害
116,105-64-6,对环境有危害，对大气可造成污染
117,105-66-8,对环境可能有害
118,105-67-9,对环境有危害，对水体和大气可造成污染
119,105-68-0,对环境可能有害
120,10544-72-6,对环境有害
121,10544-73-7,对环境有害
122,10545-99-0,对水生生物有极高毒性
123,10567-69-8,对环境可能有害
124,10588-01-9,对水生生物有极高毒性，可能在水生环境中造成长期不利影响
125,106-31-0,对环境有害
126,106-35-4,对环境可能有害
127,106-38-7,对环境有危害，对水体可造成污染
128,106-40-1,对环境有危害，对水体可造成污染
129,106-41-2,对水生生物有毒性
130,106-42-3,对水体、土壤和大气可造成污染
131,106-43-4,对水生生物有毒，可能在水生环境中造成长期不利影响
132,106-44-5,对水体、土壤和大气可造成污染
133,106-45-6,对环境有害
134,106-47-8,对水生生物有毒性
135,106-48-9,对水生生物有毒，可能在水生环境中造成长期不利影响
136,106-49-0,对水生生物有极高毒性
137,106-50-3,对水生生物有极高毒性，可能在水生环境中造成长期不利影响
138,106-51-4,对水生生物有极高毒性
139,106-54-7,对环境有危害，对水体可造成污染
140,106-63-8,对环境有害
141,106-70-7,对环境可能有害
142,106-88-7,对水生生物有害，可能在水生环境中造成长期不利影响
143,106-93-4,对水生生物有毒，可能在水生环境中造成长期不利影响
144,106-94-5,对环境有害
145,106-95-6,对环境有害
146,106-97-8,对环境可能有害
147,106-98-9,对环境可能有害
148,106-99-0,对水体、土壤和大气可造成污染
149,1068-19-5,对环境可能有危害，对水体、土壤和大气可造成污染
150,107-00-6,对环境有害
151,107-01-7,对环境可能有害
152,107-02-8,对水生生物有极高毒性
153,107-03-9,对环境有害
154,107-04-0,对环境有危害，对水体可造成污染
155,107-05-1,对水生生物有极高毒性
156,107-06-2,对水体和土壤可造成污染
157,107-08-4,对环境可能有害
158,107-10-8,对环境有害
159,107-11-9,对水生生物有毒，可能在水生环境中造成长期不利影响
160,107-12-0,对水体、土壤和大气可造成污染
161,107-13-1,对水生生物有毒，可能在水生环境中造成长期不利影响
162,107-14-2,对水生生物有毒，可能在水生环境中造成长期不利影响
163,107-15-3,对水生生物有毒性
164,107-16-4,对环境有严重危害，对水体可造成污染
165,107-18-6,对海洋生物有严重危害，对水体可造成污染
166,107-20-0,对水生生物有极高毒性
167,107-27-7,对水生生物有害，可能在水生环境中造成长期不利影响
168,107-30-2,对水体、土壤和大气可造成污染
169,107-31-3,对环境有害
170,107-46-0,对环境可能有害
171,107-49-3,对环境有危害
172,107-59-5,对环境有危害
173,107-70-0,对环境有危害，对大气可造成污染
174,107-71-1,对环境有危害
175,107-81-3,对环境有危害，对大气和水体可造成污染
176,107-82-4,对环境有危害
177,107-83-5,对环境可能有害
178,107-84-6,对环境有害
179,107-85-7,对环境有害
180,107-87-9,对环境可能有害
181,107-92-6,对水生生物有毒性
182,107-94-8,对环境有害
183,108-01-0,对环境有害
184,108-03-2,对环境有害
185,108-05-4,对大气可造成污染，对水生生物有毒性
186,108-08-7,对水生生物有极高毒性，可能在水生环境中造成长期不利影响
187,108-09-8,对环境有害
188,108-10-1,对环境有害
189,108-12-3,对环境有危害，对水体可造成污染
190,108-16-7,对环境有害
191,108-18-9,对水生生物有毒性
192,108-20-3,对水生生物有毒性
193,108-21-4,对环境有害
194,108-23-6,对环境有害
195,108-24-7,对水生生物有毒性
196,108-38-3,对水体、土壤和大气可造成污染
197,108-39-4,对水体、土壤和大气可造成污染
198,108-40-7,对环境有害
199,108-42-9,对水生生物有极高毒性，可能在水生环境中造成长期不利影响
200,108-43-0,对水生生物有毒，可能在水生环境中造成长期不利影响
201,108-44-1,对水生生物有极高毒性
202,108-45-2,对水生生物有极高毒性，可能在水生环境中造成长期不利影响
203,108-46-3,对水生生物有极高毒性
204,108-47-4,对环境有害
205,108-48-5,对环境有害
206,108-64-5,对环境可能有害
207,108-67-8,对环境有危害，对水体和大气可造成污染
208,108-68-9,对环境有危害，对水体和大气可造成污染
209,108-69-0,对环境有危害，对水体可造成污染
210,108-70-3,对环境有害
211,108-73-6,对水生生物有毒作用
212,108-77-0,对环境有危害，对水体可造成污染
213,108-83-8,对环境有危害，对大气可造成污染
214,108-86-1,对水生生物有毒，可能在水生环境中造成长期不利影响
215,108-87-2,对水生生物有毒，可能在水生环境中造成长期不利影响
216,108-88-3,对水体、土壤和大气可造成污染
217,108-90-7,对水生生物有毒，可能在水生环境中造成长期不利影响
218,108-91-8,对水生生物有毒性
219,108-94-1,对水生生物有毒性
220,108-95-2,对水体、土壤和大气可造成污染
221,108-98-5,对环境有害
222,108-99-6,对环境有害
223,109-02-4,对环境有害
224,109-05-7,对环境可能有害
225,109-06-8,对环境有害
226,109-21-7,对环境可能有害
227,109-52-4,对环境有危害，对水体和大气可造成污染
228,109-53-5,对环境有危害，对水体可造成污染
229,109-55-7,对环境可能有害
230,109-60-4,对水生生物有毒性
231,109-61-5,对环境有害
232,109-65-9,对环境有害
233,109-66-0,对水生生物有毒，可能在水生环境中造成长期不利影响
234,109-67-1,对环境可能有害
235,109-68-2,对环境可能有害
236,109-69-3,对水生生物有毒性
237,109-70-6,对环境有危害，对大气和水体可造成污染，对大气臭氧层有极强破坏力
238,109-73-9,对水生生物有毒性
239,109-74-0,对环境有害
240,109-76-2,对环境有害
241,109-77-3,对水生生物有极高毒性，可能在水生环境中造成长期不利影响
242,109-79-5,对水生生物有毒性
243,109-86-4,对水体、土壤和大气可造成污染
244,109-87-5,对环境可能有害
245,109-89-7,对水生生物有毒性
246,109-93-3,对环境可能有害
247,109-94-4,对环境可能有害
248,109-95-5,对环境有害
249,109-99-9,对水生生物有毒性
250,110-00-9,对水生生物有害，可能在水生环境中造成长期不利影响
251,110-01-0,对水生生物有害，可能在水生环境中造成长期不利影响
252,110-12-3,对环境有危害，对大气可造成污染
253,110-18-9,对环境有害
254,110-19-0,对环境有害
255,110-43-0,对环境有害
256,110-45-2,对环境可能有害
257,110-46-3,对环境可能有害
258,110-49-6,对大气可造成污染，对水生生物有毒性
259,110-53-2,对环境有害
260,110-54-3,对水生生物有毒，可能在水生环境中造成长期不利影响
261,110-56-5,对环境有害
262,110-58-7,对环境有害
263,110-59-8,对水体可造成污染
264,110-60-1,对环境有害
265,110-61-2,对环境有害
266,110-62-3,对环境有害
267,110-65-6,对环境有害
268,110-66-7,对环境有害
269,110-68-9,对环境有害
270,110-69-0,对环境可能有害
271,110-71-4,对环境可能有害
272,110-74-7,对环境可能有害
273,110-77-0,对环境有危害，对水体可造成污染
274,110-80-5,对水体、土壤和大气可造成污染
275,110-82-7,对水生生物有极高毒性，可能在水生环境中造成长期不利影响
276,110-83-8,对水生生物有毒性
277,110-89-4,对环境有害
278,110-91-8,对水生生物有毒性
279,110-96-3,对水生生物有毒性
280,110-97-4,对环境有害
281,111-14-8,对环境有危害，对水体可造成污染
282,111-15-9,对环境有害
283,111-25-1,对环境可能有害
284,111-26-2,对环境有害
285,111-30-8,对环境有危害，对水体可造成污染
286,111-31-9,对环境有危害，对水体可造成污染
287,111-42-2,对水体、土壤和大气可造成污染
288,111-43-3,对环境有害
289,111-44-4,对水体、土壤和大气可造成污染
290,111-47-7,对环境可能有害
291,111-49-9,对环境有害
292,111-50-2,对环境有危害，对水体可造成污染
293,111-64-8,对环境有危害，对水体可造成污染
294,111-65-9,对水生生物有极高毒性，可能在水生环境中造成长期不利影响
295,111-66-0,对环境可能有害
296,111-67-1,对环境可能有害
297,111-68-2,对环境有害
298,111-69-3,对环境有害
299,111-71-7,对环境可能有害
300,111-78-4,对环境有危害，对大气可造成污染
301,111-92-2,对水生生物有毒性
302,111-94-4,对环境有危害，对水体可造成污染
303,1118-14-5,对环境有危害，对水体可造成污染
304,112-24-3,对水生生物有害，可能在水生环境中造成长期不利影响
305,112-55-0,对环境有害
306,112-64-1,对环境有危害，对水体可造成污染
307,1126-78-9,对环境有危害，对水体可造成污染
308,115-07-1,对环境有害
309,115-10-6,对环境有害
310,115-11-7,对环境可能有害
311,115-17-3,对环境有危害，对水体可造成污染
312,115-21-9,对环境有害
313,115-25-3,对环境有危害，对水体和大气可造成污染，对大气臭氧层有极强破坏力
314,115-29-7,对环境有危害
315,116-06-3,对环境有危害
316,116-14-3,对环境可能有害
317,116-15-4,对大气可造成污染
318,116-54-1,对环境有害
319,1165-48-6,对环境有害
320,117-80-6,对环境有危害
321,118-44-5,对环境有危害，对水体可造成污染
322,118-69-4,对环境有害
323,118-74-1,对水生生物有极高毒性，可能在水生环境中造成长期不利影响
324,118-96-7,对水生生物有毒，可能在水生环境中造成长期不利影响
325,119-26-6,对水生生物有毒性
326,119-27-7,对环境可能有害
327,119-32-4,对环境有危害，对水体可造成污染
328,119-90-4,对环境有害
329,119-93-7,对水生生物有毒，可能在水生环境中造成长期不利影响
330,120-12-7,对水生生物有毒性
331,120-22-9,对环境有危害，对水体可造成污染
332,120-36-5,对环境有危害，对水体可造成污染
333,120-80-9,对水体、土壤和大气可造成污染
334,120-82-1,对水生生物有极高毒性，可能在水生环境中造成长期不利影响
335,120-92-3,对水生生物有毒性
336,12001-85-3,对环境有危害，对水体可造成污染
337,12002-03-8,对环境有危害，对水体可造成污染
338,12031-80-0,对环境可能有危害，对水体可造成污染
339,12057-74-8,对环境有危害，对水体可造成污染
340,12058-85-4,对环境有危害，对水体可造成污染
341,121-14-2,对水生生物有毒，可能在水生环境中造成长期不利影响
342,121-44-8,对水体和大气可造成污染
343,121-46-0,对环境有危害，对大气可造成污染
344,121-51-7,对环境有危害，对水体可造成污染
345,121-57-3,对环境有危害，对水体和大气可造成污染
346,121-69-7,对水生生物有毒，可能在水生环境中造成长期不利影响
347,121-73-3,对水生生物是有害的
348,121-75-5,对水生生物有极高毒性，可能在水生环境中造成长期不利影响
349,121-87-9,对环境有严重危害，对水体可造成污染
350,121-90-4,对环境有危害，对水体可造成污染
351,12125-01-8,对环境有危害，对水体可造成污染
352,12136-45-7,对环境有害
353,12185-10-3,对水生生物有极高毒性
354,122-01-0,对环境有严重危害，对水体可造成污染
355,122-04-3,对环境有严重危害，对水体可造成污染
356,122-51-0,对环境可能有害
357,122-66-7,对水生生物有极高毒性，可能在水生环境中造成长期不利影响
358,123-05-7,对环境有危害，对大气可造成污染
359,123-19-3,对环境有危害，对大气可造成污染
360,123-23-9,对环境有害
361,123-30-8,对水生生物有极高毒性，可能在水生环境中造成长期不利影响
362,123-31-9,对水生生物有极高毒性
363,123-38-6,对水体、土壤和大气可造成污染
364,123-51-3,对环境可能有害
365,123-54-6,对环境有危害，对大气可造成污染
366,123-62-6,对环境有害
367,123-63-7,对环境可能有害
368,123-66-0,对环境可能有害
369,123-72-8,对水体和土壤可造成污染
370,123-77-3,对环境有危害，对水体可造成污染
371,123-86-4,对水生生物有毒性
372,123-88-6,对环境有严重危害，对水体可造成污染
373,123-91-1,对水体、土壤和大气可造成污染
374,123-92-2,对环境可能有害
375,124-09-4,对环境有害
376,124-11-8,对环境可能有害
377,124-18-5,对环境可能有害
378,124-38-9,对大气可造成污染
379,124-40-3,对水体和土壤可造成污染，对水生生物有毒性
380,124-43-6,对环境可能有危害
381,124-47-0,对环境有害
382,124-63-0,对环境有害
383,124-65-2,对环境有危害，对水体可造成污染
384,124-87-8,对水生生物有严重危害，对水体可造成污染
385,12504-13-1,对环境有危害，对水体可造成污染
386,12542-85-7,对环境可能有危害，对水体可造成污染
387,126-72-7,对环境有危害
388,126-99-8,对水体、土壤和大气可造成污染
389,127-18-4,对水生生物有毒，可能在水生环境中造成长期不利影响
390,127-85-5,对环境有害
391,127-91-3,对环境可能有害
392,12788-93-1,对环境有危害
393,129-66-8,对环境有危害，对水体可造成污染
394,129-79-3,对水体可造成污染
395,1299-86-1,对环境可能有害
396,1303-28-2,对水生生物有极高毒性，可能在水生环境中造成长期不利影响
397,1303-39-5,对环境有严重危害，对水体可造成污染
398,1304-29-6,对环境有害
399,1304-56-9,对环境有危害，对水体可造成污染
400,1305-79-9,对环境有害
401,1306-19-0,对环境有危害，对水体可造成污染
402,1306-23-6,对环境有危害，对水体可造成污染
403,1306-24-7,对环境有害，可能在环境中造成长期不利影响
404,131-73-7,对水生生物有毒，可能在水生环境中造成长期不利影响
405,131-74-8,对水生生物有毒
406,1310-58-3,对环境有害
407,1310-73-2,对环境有害
408,1310-82-3,对环境可能有危害，对水体可造成污染
409,1312-73-8,对水生生物有极高毒性
410,1313-60-6,对环境有害
411,1313-82-2,对水生生物有极高毒性
412,13138-45-9,对环境有害
413,1314-18-7,对环境有害
414,1314-22-3,对环境有害
415,1314-24-5,对环境有危害，对水体可造成污染
416,1314-32-5,对环境有危害，对水体可造成污染
417,1314-34-7,对环境有危害，对水体可造成污染
418,1314-41-6,对水生生物有极高毒性，可能在水生环境中造成长期不利影响
419,1314-56-3,对环境有害
420,1314-60-9,对环境有害
421,1314-80-3,对水生生物有极高毒性
422,1317-36-8,对环境有害
423,1327-53-3,对水生生物有极高毒性，可能在水生环境中造成长期不利影响
424,133-14-2,对环境有危害，对水体可造成污染
425,1330-78-5,对水生生物有毒，可能在水生环境中造成长期不利影响
426,13327-32-7,对环境有害
427,1333-82-0,对水生生物有极高毒性，可能在水生环境中造成长期不利影响
428,1333-83-1,对环境有危害，对水体可造成污染
429,1335-31-5,对环境有严重危害，对水体可造成污染
430,1336-21-6,对水生生物有极高毒性
431,1338-23-4,对环境有危害，对大气可造成污染
432,134-32-7,对水生生物有毒，可能在水生环境中造成长期不利影响
433,13400-13-0,对环境有害
434,13446-09-8,对环境有害
435,13446-11-2,对环境有危害，对水体可造成污染
436,13446-48-5,对环境有危害，对水体可造成污染
437,13446-74-7,对环境有害
438,1345-04-6,对环境有害
439,13451-08-6,对环境有危害，对水体可造成污染
440,13453-30-0,对环境有危害，对水体可造成污染
441,13455-24-8,对环境可能有害
442,13465-95-7,对环境有害
443,13470-01-4,对环境可能有害
444,13477-00-4,对水生生物有毒，可能在水生环境中造成长期不利影响
445,13477-36-6,对环境可能有害
446,135-01-3,对环境有害
447,135-88-6,对水生生物有毒，可能在水生环境中造成长期不利影响
448,135-98-8,对环境可能有害
449,13548-38-4,对环境有危害，对水体可造成污染
450,13597-99-4,对环境有害
451,13598-36-2,对水体可造成污染
452,13637-76-8,对水生生物有极高毒性，可能在水生环境中造成长期不利影响
453,13682-73-0,对环境有危害，对水体可造成污染
454,137-07-5,对环境有危害
455,137-30-4,对环境有危害，对水体可造成污染
456,137-43-9,对环境有危害，对水体和大气可造成污染，对大气臭氧层有极强破坏力
457,13765-03-2,对环境可能有害
458,13779-41-4,对环境有危害，对水体可造成污染
459,13780-03-5,对环境可能有危害，对水体可造成污染
460,13780-06-8,对环境有害
461,138-86-3,对水生生物有极高毒性，可能在水生环境中造成长期不利影响
462,13814-96-5,对环境有危害，对水体可造成污染
463,13863-41-7,对环境有害
464,139-02-6,对环境有害
465,13967-90-3,对环境有害
466,1397-94-0,对水生生物有严重危害，对水体可造成污染
467,140-29-4,对水体、土壤和大气可造成污染
468,140-80-7,对环境可能有危害，对水体可造成污染
469,140-88-5,对水体、土壤和大气可造成污染
470,1402-38-6,对环境有严重危害，对水体可造成污染
471,141-32-2,对环境有害
472,141-78-6,对环境有害
473,141-79-7,对环境有危害，对大气可造成污染
474,141-93-5,对环境有害
475,142-28-9,对水体可造成污染
476,142-29-0,对水生生物有毒性
477,142-59-6,对水生生物有极高毒性，可能在水生环境中造成长期不利影响
478,142-62-1,对环境有危害，对水体和大气可造成污染
479,142-68-7,对环境有危害，对水体可造成污染
480,142-82-5,对水生生物有极高毒性，可能在水生环境中造成长期不利影响
481,142-96-1,对水生生物有害，可能在水生环境中造成长期不利影响
482,1420-07-1,对环境有危害
483,1421-68-7,对环境有害
484,14235-86-0,对环境有危害，对水体可造成污染
485,14264-31-4,对环境有危害，对水体可造成污染
486,143-33-9,对水体、土壤和大气可造成污染
487,144-49-0,对水生生物有极高毒性
488,1445-45-0,对环境有危害
489,14486-19-2,对环境有危害，对水体可造成污染
490,14518-94-6,对环境有害
491,14519-07-4,对环境有害
492,14519-18-7,对环境有害
493,1461-25-2,对环境有危害
494,14666-78-5,对环境有危害
495,14763-77-0,对环境有危害，对水体可造成污染
496,148-82-3,对环境有严重危害，对水体可造成污染
497,149-73-5,对环境有危害
498,149-74-6,对环境有害
499,14977-61-8,对水生生物有极高毒性，可能在水生环境中造成长期不利影响
500,151-38-2,对环境有危害
501,151-50-8,对水体、土壤和大气可造成污染
502,15120-17-9,对环境有危害，对水体可造成污染
503,15120-21-5,对环境有危害，对水体可造成污染
504,15180-03-7,对环境有害
505,15232-76-5,对环境可能有害
506,15271-41-7,对环境有严重危害，对水体可造成污染
507,15593-61-0,H400 使海洋生物严重中毒
508,15593-61-0,"
H410 使海洋生物严重中毒及长时间持续影响"
509,156-43-4,对环境有危害
510,1569-69-3,对环境有害
511,15829-53-5,对环境有危害，对水体可造成污染
512,15972-60-8,对环境有危害
513,16066-38-9,对环境有危害
514,1609-86-5,对环境有危害
515,16111-62-9,对环境有危害，对大气可造成污染
516,1629-58-9,对环境有危害，对水体可造成污染
517,1634-04-4,对环境有害
518,1640-89-7,对水生生物有毒性
519,1656-48-0,对环境有危害，对水体可造成污染
520,1663-67-8,对环境有危害，对水体可造成污染
521,16721-80-5,对环境有危害，对水体可造成污染
522,16752-77-5,对环境有危害，对水体和土壤可造成污染
523,1678-91-7,对水生生物有毒性
524,1678-93-9,对环境可能有害
525,16853-85-3,对环境有害
526,16872-11-0,对环境有害
527,16893-85-9,对环境有危害，对水体可造成污染
528,16923-95-8,对环境有危害，对水体可造成污染
529,16924-00-8,对环境有危害，对水体可造成污染
530,1694-92-4,对环境有危害，对水体可造成污染
531,16940-81-1,对环境有危害，对水体可造成污染
532,16941-12-1,对环境有危害
533,16961-83-4,对环境有害
534,17014-71-0,对环境有害
535,17109-49-8,对环境有危害，对水体可造成污染
536,1712-64-7,对环境可能有害
537,17125-80-3,对环境有危害，对水体可造成污染
538,17194-00-2,对环境有害
539,1738-25-6,对环境有危害
540,1746-01-6,对环境有害
541,17639-93-9,对环境有危害
542,17702-41-9,对水生生物有毒性
543,17861-62-0,对环境有危害
544,1789-58-8,对环境有害
545,1795-48-8,对环境有危害
546,1907-13-7,对环境有危害，对水体可造成污染
547,19287-45-7,对环境有害
548,1942-45-6,对环境有危害，对大气可造成污染
549,19624-22-7,对环境有害
550,1989-53-3,对环境有危害，对水体可造成污染
551,19910-65-7,对环境有危害
552,20063-92-7,对环境有危害，对水体可造成污染
553,20324-26-9,对环境有害
554,20325-40-0,对环境有危害，对水体可造成污染
555,2040-95-1,对环境可能有害
556,2040-96-2,对环境有危害，对大气可造成污染
557,2045-00-3,对环境有危害，对水体可造成污染
558,2050-60-4,对环境有害
559,2050-92-2,对水生生物有毒性
560,2052-49-5,对环境有危害，对水体可造成污染
561,20694-39-7,对环境有害
562,20770-41-6,对环境可能有危害，对水体可造成污染
563,20830-75-5,对环境有严重危害，对水体可造成污染
564,20859-73-8,对水生生物有极高毒性
565,2104-64-5,对环境有危害，对水体可造成污染
566,21109-95-5,对水生生物有极高毒性
567,2116-65-6,对环境有危害，对水体可造成污染
568,21609-90-5,对环境有危害
569,2198-23-4,对环境有危害，对水体可造成污染
570,2216-30-0,对环境可能有危害，对水体、土壤和大气可造成污染
571,2235-25-8,对水生生物有害，可能在水生环境中造成长期不利影响；可能在环境中造成长期不利影响
572,2237-30-1,对环境有危害，对水体可造成污染
573,2238-07-5,对环境可能有危害，对水体可造成污染
574,2275-18-5,对环境有危害
575,2312-76-7,对环境有危害，对水体可造成污染
576,2315-02-8,对环境有害
577,23255-69-8,对水生生物有严重危害，对水体可造成污染
578,2338-12-7,对环境有危害
579,23414-72-4,对环境有危害，对水体可造成污染
580,23745-86-0,对环境有危害，对水体可造成污染
581,2385-85-5,对环境有危害
582,24279-91-2,对环境有严重危害，对水体可造成污染
583,24468-13-1,对环境有危害
584,2452-99-5,对水体、土壤和大气可造成污染
585,24934-91-6,对环境有危害
586,2516-33-8,对环境有危害，对水体可造成污染
587,25324-56-5,对环境有危害，对水体可造成污染
588,2551-62-4,对环境有害
589,25550-55-4,对水体可造成污染
590,25659-31-8,对环境有害
591,2571-22-4,对环境有害
592,2588-03-6,对环境有严重危害，对水体可造成污染
593,2631-37-0,对环境有危害，对水体可造成污染
594,2642-71-9,对环境有危害，对水体可造成污染
595,26506-47-8,对环境有危害，对水体可造成污染
596,26628-22-8,对水生生物有极高毒性，可能在水生环境中造成长期不利影响
597,2691-41-0,对环境有危害，对水体可造成污染
598,2696-92-6,对环境有害
599,2699-79-8,对环境有危害，对水体可造成污染
600,27152-57-4,对水生生物有极高毒性，可能在水生环境中造成长期不利影响
601,27193-28-8,对环境有危害
602,27215-10-7,对环境有危害
603,2738-18-3,对环境有危害，对大气可造成污染
604,2757-18-8,对环境可能有危害，对水体可造成污染
605,2782-57-2,对环境可能有危害，对水体可造成污染
606,2809-67-8,对环境可能有害
607,286-20-4,对环境有危害，对水体可造成污染
608,2867-47-2,对环境有危害
609,287-92-3,对水生生物有害，可能在水生环境中造成长期不利影响
610,28930-30-5,对环境有危害
611,28995-89-3,对环境有危害，对水体可造成污染
612,291-64-5,对环境可能有害
613,292-64-8,对环境可能有害
614,2937-50-0,对环境有危害
615,297-78-9,对环境有危害，对水体可造成污染
616,297-97-2,对环境可能有危害
617,298-00-0,对水生生物有极高毒性，可能在水生环境中造成长期不利影响
618,298-02-2,对水生生物有极高毒性，可能在水生环境中造成长期不利影响
619,298-04-4,对环境有危害，对水体、土壤和大气可造成污染
620,298-18-0,对环境有危害，对大气可造成污染
621,299-45-6,对环境有危害
622,29921-57-1,对环境有危害
623,300-76-5,对水生生物有极高毒性
624,301-10-0,对环境有危害，对水体可造成污染
625,3012-37-1,对环境有危害，对水体可造成污染
626,3017-95-6,对环境有危害，对大气和水体可造成污染，对大气臭氧层有极强破坏力
627,3018-12-0,对环境有害
628,302-01-2,对水生生物有极高毒性，可能在水生环境中造成长期不利影响
629,302-27-2,对环境有严重危害，对水体可造成污染
630,3034-19-3,对环境有害
631,30685-43-9,对环境有严重危害，对水体可造成污染
632,3087-36-3,对环境有害
633,3087-37-4,对环境有害
634,309-00-2,对环境有危害，对水体、土壤和大气可造成污染
635,311-45-5,对环境有严重危害，对水体可造成污染
636,3132-64-7,对环境有害
637,3153-36-4,对环境有害
638,3165-93-3,对环境有危害，对水体可造成污染
639,3178-22-1,对环境有危害，对水体可造成污染
640,3179-63-3,对环境可能有害
641,31876-38-7,对环境有严重危害，对水体可造成污染
642,3188-13-4,对环境有害
643,3254-63-5,对环境有严重危害，对水体可造成污染
644,327-98-0,对环境有危害，对水体可造成污染
645,32749-94-3,对环境有危害，对大气可造成污染
646,3282-30-2,对环境有危害，对水体可造成污染
647,329-01-1,对环境有危害
648,334-88-3,对大气可造成污染
649,34018-28-5,对环境有害
650,348-54-9,对环境有危害
651,352-32-9,对环境有害
652,352-33-0,对环境有严重危害，对水体可造成污染
653,352-93-2,对环境有害
654,3522-94-9,对环境可能有害
655,35223-80-4,对环境有害
656,353-36-6,对环境有害
657,353-59-3,对环境有危害，对水体和大气可造成污染，对大气臭氧层有极强破坏力
658,35523-89-8,对环境有严重危害，对水体可造成污染
659,357-57-3,对环境有严重危害，对水体可造成污染
660,360-89-4,对环境有危害，对水体和大气可造成污染，对大气臭氧层有极强破坏力
661,36355-01-8,对环境有危害，对水体可造成污染
662,3638-73-1,对环境有危害
663,367-11-3,对环境有害
664,371-40-4,对环境有害
665,3710-30-3,对环境有危害，对水体可造成污染
666,372-09-8,对水体、土壤和大气可造成污染
667,372-18-9,对环境有害
668,372-19-0,对环境有危害，对水体可造成污染
669,37203-43-3,对环境有严重危害，对水体可造成污染
670,375-22-4,对环境有危害，对水体可造成污染
671,3811-04-9,对水生生物有毒，可能在水生环境中造成长期不利影响
672,383-63-1,对环境有危害
673,3851-87-4,对环境有危害，对大气可造成污染
674,3982-91-0,对环境有害
675,407-25-0,对水生生物有害，可能在水生环境中造成长期不利影响
676,4098-71-9,对环境有危害，对水体可造成污染
677,41083-11-8,对环境有危害，对水体可造成污染
678,4109-96-0,对环境有害
679,4170-30-3,对水生生物有极高毒性
680,420-46-2,对大气可造成污染
681,431-03-8,对环境有危害，对大气可造成污染
682,459-72-3,对环境有危害，对水体可造成污染
683,462-06-6,对环境可能有害
684,462-08-8,对环境有危害，对水体可造成污染
685,462-94-2,对环境有害
686,463-49-0,对环境可能有害
687,463-58-1,对环境有危害，对水体可造成污染
688,463-71-8,对环境有严重危害，对水体和大气可造成污染
689,463-82-1,对水生生物有毒，可能在水生环境中造成长期不利影响
690,464-06-2,对环境可能有危害，对水体可造成污染
691,471-25-0,对环境有危害，对水体和大气可造成污染
692,479-45-8,对水体和土壤可造成污染
693,4824-78-6,对环境有危害
694,485-31-4,对环境有危害，对水体可造成污染
695,489-98-5,对水生生物是有毒的
696,491-35-0,对环境有危害
697,496-74-2,对环境有危害，对水体可造成污染
698,50-00-0,对水体、土壤和大气可造成污染
699,50-07-7,对水生生物有严重危害，对水体可造成污染
700,50-29-3,对环境有危害
701,50-76-0,对环境有严重危害，对水体可造成污染
702,501-53-1,对环境有危害，对水体可造成污染
703,502-39-6,对环境有严重危害，对水体可造成污染
704,502-42-1,对环境可能有害
705,5026-76-6,对环境可能有害
706,503-17-3,对环境可能有害
707,504-24-5,对环境有害
708,504-60-9,对水体、土壤和大气可造成污染
709,506-61-6,对环境有危害，对水体可造成污染
710,506-64-9,对水体、土壤和大气可造成污染
711,506-68-3,对环境有害
712,506-77-4,对环境有害
713,506-78-5,对环境有危害，对水体可造成污染
714,506-93-4,对水生生物是有毒的
715,507-09-5,对环境有害
716,507-20-0,对环境有危害，对水体和大气可造成污染，对大气臭氧层有极强破坏力
717,507-60-8,对环境有严重危害，对水体可造成污染
718,509-14-8,对环境有害
719,51-18-3,对环境有危害，对水体可造成污染
720,51-28-5,对水生生物有极高毒性
721,51-43-4,对环境有严重危害，对水体可造成污染
722,51-75-2,对环境有危害，对水体可造成污染
723,51-83-2,对环境有害
724,510-15-6,对环境可能有危害
725,513-35-9,对大气可造成污染
726,513-36-0,对环境有危害，对水体和大气可造成污染，对大气臭氧层有极强破坏力
727,513-38-2,对环境有害
728,513-42-8,对环境有危害，对水体可造成污染
729,513-44-0,对环境可能有害
730,513-48-4,对环境有危害，对水体可造成污染
731,519-44-8,对水体可造成污染
732,52-68-6,对水生生物有极高毒性，可能在水生环境中造成长期不利影响
733,52-85-7,对环境有严重危害，对水体可造成污染
734,52315-07-8,对环境有危害，对水体可造成污染
735,526-73-8,对环境有害
736,526-75-0,对环境有危害，对水体和大气可造成污染
737,528-29-0,对水生生物有极高毒性，可能在水生环境中造成长期不利影响
738,5292-43-3,对环境有害
739,532-27-4,对环境有危害，对水体可造成污染
740,5329-14-6,对环境有害
741,534-07-6,对环境有害
742,534-22-5,对环境有危害，对水体可造成污染
743,534-52-1,对环境有危害，对水体可造成污染
744,5345-54-0,对环境有危害，对水体可造成污染
745,536-74-3,对环境可能有害
746,536-75-4,对环境有危害
747,536-78-7,对环境有危害
748,539-82-2,对环境可能有害
749,540-18-1,对环境可能有害
750,540-36-3,对环境有害
751,540-38-5,对环境有危害，对水体可造成污染
752,540-42-1,对环境有害
753,540-51-2,对环境有害
754,540-54-5,对环境可能有害
755,540-59-0,对水生生物有害，可能在水生环境中造成长期不利影响
756,540-67-0,对环境可能有害
757,540-73-8,对水生生物有毒，可能在水生环境中造成长期不利影响
758,540-84-1,对水生生物有极高毒性，可能在水生环境中造成长期不利影响
759,540-88-5,对环境有害
760,541-31-1,对环境有害
761,541-41-3,对环境有害
762,541-42-4,对环境有害
763,541-73-1,对水生生物有毒，可能在水生环境中造成长期不利影响
764,541-88-8,对环境有害
765,542-55-2,对环境可能有害
766,542-56-3,对环境可能有害
767,542-62-1,对水体、土壤和大气可造成污染
768,542-69-8,对环境有害
769,542-75-6,对水体、土壤和大气可造成污染
770,542-76-7,对环境有害
771,542-88-1,对水体、土壤和大气可造成污染
772,542-90-5,对环境有害
773,542-92-7,环境有害
774,543-20-4,对环境有害
775,543-27-1,对环境有害
776,543-59-9,对环境有危害，对水体和大气可造成污染，对大气臭氧层有极强破坏力
777,543-67-9,对环境有害
778,543-81-7,对环境有危害
779,544-01-4,对环境有害
780,544-10-5,对环境有害
781,544-13-8,对环境有害
782,544-16-1,对环境可能有害
783,544-25-2,对环境有危害，对水体可造成污染
784,544-92-3,对水体、土壤和大气可造成污染
785,545-06-2,对水生生物有毒，可能在水生环境中造成长期不利影响
786,545-55-1,对环境有严重危害，对水体可造成污染
787,546-68-9,对环境有害
788,547-63-7,对环境有危害
789,547-64-8,对环境可能有害
790,55-38-9,对环境有危害，对水体可造成污染
791,55-63-0,对水生生物有毒，可能在水生环境中造成长期不利影响
792,55-68-5,对环境有危害，对水体可造成污染
793,552-46-5,对环境有危害，对水体可造成污染
794,553-90-2,对环境有害
795,554-00-7,对环境有害
796,554-12-1,对水生生物有毒性
797,554-84-7,对水生生物有毒性
798,555-03-3,对环境有害
799,556-24-1,对环境可能有危害
800,556-56-9,对环境有危害，对水体和大气可造成污染，对大气臭氧层有极强破坏力
801,556-64-9,对环境有害
802,556-88-7,对水体可造成污染
803,557-18-6,对环境可能有危害，对水体、土壤和大气可造成污染
804,557-19-7,对环境有危害，对水体可造成污染
805,557-21-1,对水体、土壤和大气可造成污染
806,557-98-2,对环境可能有害
807,558-13-4,对环境有害
808,558-17-8,对环境可能有害
809,558-25-8,对环境有害
810,56-18-8,对环境有危害，对水体和土壤可造成污染
811,56-23-5,对水生生物有害，可能在水生环境中造成长期不利影响；对水体、土壤和大气可造成污染
812,56-38-2,对水生生物有极高毒性，可能在水生环境中造成长期不利影响
813,56-72-4,对环境有危害，对水体可造成污染
814,562-49-2,对水生生物有极高毒性，可能在水生环境中造成长期不利影响
815,5628-99-9,对环境有害
816,563-12-2,对水生生物有极高毒性，可能在水生环境中造成长期不利影响
817,563-45-1,对环境有危害，对大气可造成污染
818,563-46-2,对大气可造成污染
819,563-47-3,对环境有危害，对水体和大气可造成污染，对大气臭氧层有极强破坏力
820,563-52-0,对环境有危害，对水体和大气可造成污染，对大气臭氧层有极强破坏力
821,563-54-2,对水体、土壤和大气可造成污染
822,563-68-8,对环境有危害，对水体可造成污染
823,563-78-0,对环境有危害，对水体、土壤和大气可造成污染
824,563-79-1,对环境有危害，对水体、土壤和大气可造成污染
825,563-80-4,对环境可能有害
826,564-02-3,对水生生物有极高毒性，可能在水生环境中造成长期不利影响
827,565-59-3,对水生生物有极高毒性，可能在水生环境中造成长期不利影响
828,565-61-7,对环境有危害，对大气可造成污染
829,565-67-3,对环境可能有危害，对水体可造成污染
830,565-69-5,对环境有危害，对大气可造成污染
831,565-75-3,对水生生物有极高毒性，可能在水生环境中造成长期不利影响
832,565-80-0,对环境有危害，对水体可造成污染
833,57-06-7,对环境有害
834,57-14-7,对水生生物有毒，可能在水生环境中造成长期不利影响
835,57-39-6,对环境有危害
836,57-74-9,对环境有严重危害，对水体、土壤和大气可造成污染
837,57-94-3,对环境有危害，对水体可造成污染
838,576-26-1,对环境有危害，对水体和大气可造成污染
839,577-19-5,对环境有害
840,578-54-1,对环境有害
841,58-89-9,对环境有危害，对水体和大气可造成污染，对大气臭氧层有极强破坏力
842,58-90-2,对环境有危害
843,580-17-6,对环境有严重危害
844,581-64-6,对环境有严重危害，对水体可造成污染
845,581-89-5,对水生生物有毒，可能在水生环境中造成长期不利影响
846,583-53-9,对环境可能有危害，对水体可造成污染
847,583-58-4,对环境有危害
848,583-78-8,对环境有危害，对水体可造成污染
849,5836-29-3,对环境有危害
850,584-48-5,对环境有严重危害，对水体可造成污染
851,584-94-1,对水生生物有极高毒性，可能在水生环境中造成长期不利影响
852,585-79-5,对环境有严重危害，对水体可造成污染
853,586-75-4,对环境有危害，对水体可造成污染
854,586-78-7,对环境有害
855,587-85-9,对水体可造成污染
856,589-38-8,对环境有害
857,589-43-5,对大气可造成污染
858,589-53-7,对环境有危害，对水体可造成污染
859,589-90-2,对环境可能有危害
860,59-50-7,对环境有危害，对水体可造成污染
861,59-85-8,对环境有危害，对水体可造成污染
862,590-01-2,对环境可能有害
863,590-35-2,对水生生物有极高毒性，可能在水生环境中造成长期不利影响
864,590-36-3,对环境可能有危害，对水体可造成污染
865,590-66-9,对环境可能有害
866,590-73-8,对水生生物有极高毒性，可能在水生环境中造成长期不利影响
867,590-86-3,对环境可能有害
868,591-17-3,对环境有危害，对水体可造成污染
869,591-20-8,对环境有危害
870,591-22-0,对环境有害
871,591-27-5,对水生生物有毒，可能在水生环境中造成长期不利影响
872,591-47-9,对环境有危害，对水体可造成污染
873,591-76-4,对水生生物有极高毒性，可能在水生环境中造成长期不利影响
874,591-78-6,对环境有危害，对大气可造成污染
875,591-89-9,对环境可能有危害，对水体可造成污染
876,591-93-5,对水体、土壤和大气可造成污染
877,591-97-9,对环境有危害
878,592-01-8,对水生生物有极高毒性，可能在水生环境中造成长期不利影响
879,592-04-1,对水体、土壤和大气可造成污染危险
880,592-05-2,对环境有危害，对水体可造成污染
881,592-34-7,对环境有害
882,592-41-6,对环境可能有害
883,592-42-7,对环境可能有害
884,592-43-8,对环境有危害，对大气可造成污染
885,592-45-0,对环境可能有害
886,592-46-1,对环境有危害，对水体可造成污染
887,592-48-3,对环境有危害，对水体可造成污染
888,592-57-4,对水体可造成污染
889,592-76-7,对环境可能有害
890,592-77-8,对环境可能有害
891,592-78-9,对环境可能有害
892,592-84-7,对环境可能有害
893,592-85-8,对环境可能有危害，对水体可造成污染
894,593-53-3,对环境有害
895,593-60-2,对水体、土壤和大气可造成污染
896,594-36-5,对环境有危害，对水体可造成污染
897,594-72-9,对环境有严重危害，对水体可造成污染
898,595-90-4,对环境有危害
899,598-14-1,对环境有危害，对水体可造成污染
900,598-16-3,对环境有害
901,598-31-2,对环境有害
902,598-72-1,对环境有害
903,598-73-2,对环境有危害，对水体可造成污染
904,598-75-4,对环境有危害，对水体可造成污染
905,598-78-7,对环境有害
906,598-99-2,对环境有危害
907,60-24-2,对环境有危害，对水体可造成污染
908,60-29-7,对环境有害
909,60-34-4,对水体、土壤和大气可造成污染
910,60-57-1,对水生生物有极高毒性，可能在水生环境中造成长期不利影响
911,600-25-9,对环境有严重危害，对水体可造成污染
912,602-99-3,对环境有危害
913,603-35-0,对环境有害
914,6032-29-7,对环境可能有害
915,605-69-6,对环境有害
916,606-20-2,对环境有严重危害，对水体可造成污染
917,606-22-4,对水生生物有毒性
918,608-27-5,对环境有害
919,608-31-1,对环境有害
920,609-26-7,对环境有危害，对大气可造成污染
921,609-73-4,对环境有害
922,610-14-0,对环境有危害，对水体可造成污染
923,610-67-3,对环境有害
924,611-32-5,对环境有危害
925,612-22-6,对环境有害
926,612-23-7,对环境有严重危害，对水体可造成污染
927,612-60-2,对环境有危害
928,612-83-9,对环境有危害，对水体可造成污染
929,6125-21-9,对环境可能有害
930,615-36-1,对环境有危害，对水体可造成污染
931,615-50-9,对环境有危害，对水体可造成污染
932,615-57-6,对环境有危害
933,615-74-7,对环境有危害，对水体可造成污染
934,616-38-6,对环境可能有害
935,616-45-5,对环境有危害，对大气可造成污染
936,6164-98-3,对水生生物有极高毒性，可能在水生环境中造成长期不利影响
937,617-85-6,对环境有害
938,61789-51-3,对环境有危害，对水体可造成污染
939,618-87-1,对水生生物有毒性
940,619-23-8,对环境有严重危害，对水体可造成污染
941,619-31-8,对环境有危害，对水体可造成污染
942,619-65-8,对环境有危害，对水体可造成污染
943,619-80-7,对环境有害
944,62-53-3,对水生生物有极高毒性，可对土壤和大气可造成污染
945,62-56-6,对水生生物有毒，可能在水生环境中造成长期不利影响
946,62-73-7,对水生生物有极高毒性
947,62-74-8,对环境有危害，对水体可造成污染
948,622-97-9,对环境有害
949,623-37-0,对环境有危害，对水体可造成污染
950,623-42-7,对环境可能有害
951,623-48-3,对环境有严重危害
952,623-70-1,对环境有严重危害
953,623-96-1,对环境可能有害
954,624-24-8,对环境可能有危害
955,624-54-4,对环境可能有害
956,624-83-9,对大气可造成污染
957,624-91-9,对环境可能有害
958,625-27-4,对环境有危害，对大气可造成污染
959,625-28-5,对环境有害
960,625-55-8,对环境有危害，对水体可造成污染
961,625-59-2,对环境有害
962,625-98-9,对环境有危害，对水体可造成污染
963,626-93-7,对水生生物有毒性
964,627-05-4,对环境有害
965,627-13-4,对环境可能有害
966,627-19-0,对环境可能有害
967,627-63-4,对环境有危害，对水体可造成污染
968,628-17-1,对环境有害
969,628-28-4,对环境可能有害
970,628-32-0,对环境可能有害
971,628-41-1,对环境可能有害
972,628-63-7,对水生生物有毒性
973,628-71-7,对环境可能有害
974,628-73-9,对环境有害
975,628-76-2,对水体可造成污染
976,628-92-2,对环境有危害，对水体可造成污染
977,629-05-0,对环境可能有害
978,629-20-9,对环境可能有害
979,629-33-4,对环境可能有害
980,630-08-0,对环境有害
981,6303-21-5,对环境有害
982,631-60-7,对环境有危害，对水体可造成污染
983,632-21-3,对环境有危害
984,634-66-2,对水生生物有毒性
985,634-90-2,对水生生物有毒性
986,634-93-5,对水生生物有毒性
987,636-30-6,对水生生物有毒性
988,636-98-6,对环境有危害，对水体可造成污染
989,638-11-9,对环境可能有害
990,638-49-3,对环境可能有害
991,63938-10-3,对环境有危害，对水体和大气可造成污染，对大气臭氧层有极强破坏力
992,64-00-6,对环境有严重危害，对水体可造成污染
993,64-17-5,对环境可能有害
994,64-18-6,对环境有害
995,64-19-7,对水生生物有毒性
996,64-67-5,对水体、土壤和大气可造成污染
997,64-69-7,对环境有害
998,640-15-3,对环境有严重危害
999,64013-16-7,对环境有害
1000,644-31-5,对环境有危害，对水体可造成污染
1001,644-49-5,对环境可能有害
1002,645-00-1,对环境有危害，对水体可造成污染
1003,646-06-0,对环境可能有害
1004,6484-52-2,对水生生物有毒
1005,65-30-5,对环境有危害，对水体可造成污染
1006,6533-73-9,对环境可能有危害，对水体可造成污染
1007,65996-93-2,对环境有危害，对大气可造成污染
1008,67-56-1,对环境有害
1009,67-63-0,对水体可造成污染
1010,67-64-1,对环境有害
1011,67-66-3,对水体、土壤和大气可造成污染
1012,67-72-1,对水体、土壤和大气可造成污染
1013,670-54-2,对环境有危害，对水体可造成污染
1014,674-82-8,对环境有害
1015,68-11-1,对环境有害
1016,68-12-2,对大气可造成污染
1017,681-84-5,对环境有害
1018,68476-85-7,对环境有害
1019,691-37-2,对环境有危害，对大气可造成污染
1020,693-02-7,对环境可能有害
1021,693-21-0,对环境可能有危害
1022,693-89-0,对环境有危害，对水体可造成污染
1023,694-05-3,对环境有害
1024,694-83-7,对环境有危害，对水体可造成污染
1025,696-28-6,对环境有严重危害，对水体可造成污染
1026,70-11-1,对环境有危害，对水体可造成污染
1027,70-30-4,对环境有危害
1028,70-34-8,对水生生物有毒性
1029,71-23-8,对水体可造成污染
1030,71-36-3,对环境可能有害
1031,71-41-0,对水生生物有毒性
1032,71-43-2,对水体、土壤和大气可造成污染
1033,71-55-6,对水体、土壤和大气可造成污染
1034,712-48-1,对环境有严重危害，对水体可造成污染
1035,7154-66-7,对环境有危害，对水体可造成污染
1036,722-27-0,对环境有危害
1037,732-11-6,对环境有危害
1038,74-82-8,对环境有害
1039,74-83-9,对水生生物有极高毒性；空气污染物
1040,74-84-0,对环境可能有害
1041,74-85-1,对环境可能有害
1042,74-86-2,对环境有害
1043,74-87-3,对环境有害
1044,74-88-4,对水体、土壤和大气可造成污染
1045,74-89-5,对环境有害
1046,74-90-8,对水生生物有极高毒性，可能在水生环境中造成长期不利影响
1047,74-93-1,对水生生物有极高毒性，可能在水生环境中造成长期不利影响
1048,74-95-3,对水生生物有害，可能在水生环境中造成长期不利影响
1049,74-96-4,对环境有害
1050,74-97-5,对环境有害
1051,74-98-6,对环境有害
1052,7429-90-5,对环境可能有害
1053,7439-93-2,对环境有害
1054,7439-95-4,对环境有害
1055,7440-00-8,对环境有危害，对水体可造成污染
1056,7440-01-9,无环境危害
1057,7440-09-7,对环境有害
1058,7440-17-7,对环境有害
1059,7440-21-3,对环境可能有害
1060,7440-23-5,对环境有害
1061,7440-24-6,对环境有害
1062,7440-28-0,对环境有害，可能在水生环境中造成长期不利影响
1063,7440-32-6,对环境可能有害
1064,7440-36-0,对环境有害
1065,7440-37-1,无资料
1066,7440-38-2,对水生生物有极高毒性，可能在水生环境中造成长期不利影响
1067,7440-39-3,对环境可能有害
1068,7440-41-7,对环境有害
1069,7440-43-9,对环境有严重危害，对水体、土壤和大气可造成污染
1070,7440-45-1,对环境有危害，对水体可造成污染
1071,7440-46-2,对环境有害
1072,7440-58-6,对环境有危害，对水体可造成污染
1073,7440-59-7,无环境危害
1074,7440-63-3,无资料
1075,7440-66-6,对水生生物有极高毒性，可能在水生环境中造成长期不利影响
1076,7440-67-7,对环境可能有害
1077,7440-70-2,无资料
1078,7446-09-5,对大气可造成严重污染
1079,7446-11-9,对环境有危害，对大气可造成污染
1080,7446-18-6,对环境有危害，对水体可造成污染
1081,7446-70-0,对环境有害
1082,7487-94-7,对水生生物有极高毒性，可能在水生环境中造成长期不利影响
1083,75-00-3,对水生生物有害，可能在水生环境中造成长期不利影响
1084,75-01-4,对大气可造成严重污染
1085,75-02-5,对环境有害
1086,75-03-6,对环境有害
1087,75-04-7,对环境有害
1088,75-05-8,对水体、土壤和大气可造成污染
1089,75-07-0,对大气可造成污染，对水生生物有毒性
1090,75-08-1,对环境有危害，对水体可造成污染
1091,75-09-2,对水体、土壤和大气可造成污染
1092,75-11-6,对环境有害
1093,75-15-0,对环境有害
1094,75-16-1,对环境可能有危害，对水体可造成污染
1095,75-18-3,对环境有害
1096,75-19-4,对环境可能有害
1097,75-20-7,对环境有害
1098,75-21-8,对水体、土壤和大气可造成污染
1099,75-23-0,对环境有危害，对水体可造成污染
1100,75-25-2,对水生生物有毒，可能在水生环境中造成长期不利影响
1101,75-26-3,对环境可能有害
1102,75-28-5,对环境可能有害
1103,75-29-6,对环境可能有害
1104,75-30-9,对环境可能有危害
1105,75-31-0,对环境有害
1106,75-34-3,对水生生物有害，可能在水生环境中造成长期不利影响
1107,75-35-4,对环境有害
1108,75-36-5,对环境有害
1109,75-37-6,对大气可造成污染
1110,75-38-7,对大气可造成污染
1111,75-43-4,对大气造成污染
1112,75-44-5,对大气可造成污染
1113,75-45-6,对大气造成污染
1114,75-46-7,对大气可造成污染
1115,75-47-8,对环境有害
1116,75-50-3,对环境有害
1117,75-52-5,对环境有害
1118,75-54-7,对环境有害
1119,75-56-9,对大气和水体可造成污染
1120,75-60-5,对环境有危害，对水体可造成污染
1121,75-61-6,对环境有危害，对水体和大气可造成污染，对大气臭氧层有极强破坏力
1122,75-63-8,对环境有危害，对水体和大气可造成污染，对大气臭氧层有极强破坏力
1123,75-64-9,对环境有害
1124,75-65-0,对环境有害
1125,75-66-1,对环境有害
1126,75-68-3,对大气造成污染
1127,75-69-4,对水体可造成污染，该物质对大气臭氧层破坏力极强
1128,75-71-8,对大气可造成污染
1129,75-72-9,对大气可造成污染
1130,75-73-0,对环境有害
1131,75-74-1,对环境有严重危害，对水体可造成污染
1132,75-75-2,对环境有危害，对水体和大气可造成污染
1133,75-76-3,对环境可能有害
1134,75-77-4,对环境有害
1135,75-78-5,对环境有害
1136,75-79-6,对环境有害
1137,75-83-2,对大气可造成污染
1138,75-85-4,对环境可能有危害，对水体可造成污染
1139,75-87-6,对环境有害
1140,75-88-7,对大气造成污染
1141,75-89-8,对环境可能有害
1142,75-91-2,对环境有害
1143,75-94-5,对环境有害
1144,75-96-7,对环境有害
1145,75-97-8,对环境有害
1146,7550-45-0,对大气可造成污染
1147,757-58-4,对环境有危害
1148,12136-45-7,对环境有害
1149,76-01-7,对水生生物有毒，可能在水生环境中造成长期不利影响
1150,76-02-8,对环境有危害，对水体可造成污染
1151,76-03-9,对水生生物有极高毒性，可能在水生环境中造成长期不利影响
1152,76-05-1,对水生生物有害，可能在水生环境中造成长期不利影响
1153,76-06-2,对环境有害
1154,76-13-1,对环境有危害，对水体和大气可造成污染，对大气臭氧层有极强破坏力
1155,76-14-2,对大气可造成污染
1156,76-15-3,对大气臭氧层有极强破坏力
1157,76-16-4,对环境有危害，对水体和大气可造成污染，对大气臭氧层有极强破坏力
1158,76-19-7,对环境有危害，对水体和大气可造成污染，对大气臭氧层有极强破坏力
1159,76-44-8,对环境有危害，对水体和大气可造成污染，对大气臭氧层有极强破坏力
1160,760-20-3,对环境有危害，对水体可造成污染
1161,760-21-4,对环境可能有危害，对水体可造成污染
1162,7601-89-0,对环境可能有害
1163,7601-90-3,对环境有害
1164,7616-94-6,对环境有危害，对水体可造成污染
1165,763-29-1,对环境有危害，对大气可造成污染
1166,7631-90-5,对环境有危害，对水体可造成污染
1167,7631-99-4,对环境有害
1168,7632-00-0,对水生生物有极高毒性
1169,7637-07-2,对环境有害
1170,764-13-6,对环境有危害，对大气可造成污染
1171,764-35-2,对环境有危害，对大气可造成污染
1172,764-41-0,对环境有危害，对水体和大气可造成污染，对大气臭氧层有极强破坏力
1173,7645-25-2,对水生生物有极高毒性，可能在水生环境中造成长期不利影响
1174,7646-69-7,对环境有害
1175,7646-78-8,对水生生物有害，可能在水生环境中造成长期不利影响
1176,7646-93-7,对环境有危害，对水体可造成污染
1177,7647-01-0,对大气和水体可造成污染
1178,7647-18-9,对水生生物有毒，可能在水生环境中造成长期不利影响
1179,7647-19-0,对环境有害
1180,766-09-6,对环境有害
1181,7664-38-2,对水生生物有毒性
1182,7664-39-3,对环境有害
1183,7664-41-7,对水生生物有毒性
1184,7664-93-9,对水体和土壤可造成污染
1185,7681-49-4,对环境有害
1186,7681-52-9,对水生生物有极高毒性
1187,7681-55-2,对环境可能有害
1188,7693-26-7,对环境有害
1189,7697-37-2,对环境有害
1190,77-58-7,对环境有危害
1191,77-74-7,对环境可能有危害，对水体可造成污染
1192,77-76-9,对环境可能有害
1193,77-77-0,对环境有严重危害，对水体可造成污染
1194,77-78-1,对水体、土壤和大气可造成污染
1195,77-98-5,对环境有危害，对水体可造成污染
1196,7704-34-9,对环境有害
1197,7705-07-9,对环境有害
1198,7705-08-0,对环境有害
1199,7718-54-9,对环境有危害，对水体可造成污染
1200,7718-98-1,对环境有危害，对水体可造成污染
1201,7719-09-7,对环境有害
1202,7719-12-2,对环境有害
1203,7722-64-7,对水生生物有极高毒性，可能在水生环境中造成长期不利影响
1204,7722-84-1,无资料
1205,7723-14-0,对水生生物有害，可能在水生环境中造成长期不利影响
1206,7726-95-6,对水生生物有极高毒性
1207,7727-15-3,对环境有害
1208,7727-18-6,对环境可能有危害，对水体可造成污染
1209,7727-21-1,对环境可能有害
1210,7727-37-9,无环境危害
1211,7727-54-0,对环境有害
1212,7757-79-1,对水生生物是有毒的
1213,7758-01-2,对环境有害
1214,7758-05-6,对环境可能有害
1215,7758-09-0,对水生生物有极高毒性
1216,776-74-9,对环境有危害，对水体和大气可造成污染
1217,7761-88-8,对水生生物有极高毒性，可能在水生环境中造成长期不利影响
1218,7774-29-0,对水生生物有极高毒性，可能在水生环境中造成长期不利影响
1219,7775-09-9,对水生生物有毒，可能在水生环境中造成长期不利影响
1220,7775-11-3,对环境有危害，对水体可造成污染
1221,7775-14-6,对环境有害
1222,7775-27-1,对环境有害
1223,7778-39-4,对水生生物有极高毒性，可能在水生环境中造成长期不利影响
1224,7778-43-0,对环境有害
1225,7778-44-1,对环境有害
1226,7778-50-9,对水生生物有极高毒性，可能在水生环境中造成长期不利影响
1227,7778-54-3,对环境有害
1228,7778-74-7,对环境可能有害
1229,7779-88-6,对环境有害
1230,7782-41-4,对环境有害
1231,7782-44-7,无环境危害
1232,7782-50-5,对大气可造成污染；对水生生物有极高毒性
1233,7782-68-5,对环境有害
1234,7782-82-3,H400 使海洋生物严重中毒
1235,7782-82-3,"
H410 使海洋生物严重中毒及长时间持续影响"
1236,7782-86-7,对水生生物有极高毒性，可能在水生环境中造成长期不利影响
1237,7782-99-2,对环境有害
1238,7783-00-8,H400 使海洋生物严重中毒
1239,7783-00-8,"
H410 使海洋生物严重中毒及长时间持续影响"
1240,7783-06-4,对水生生物有极高毒性
1241,7783-08-6,对环境有害
1242,7783-33-7,对环境有严重危害，对水体可造成污染
1243,7783-35-9,对环境有危害，对水体可造成污染
1244,7783-41-7,对环境有害
1245,7783-46-2,对环境有害
1246,7783-49-5,对环境有害
1247,7783-54-2,对环境有害
1248,7783-55-3,对环境可能有危害，对水体可造成污染
1249,7783-56-4,对水生生物有毒，可能在水生环境中造成长期不利影响
1250,7783-61-1,对环境有害
1251,7783-64-4,对环境有危害，对水体可造成污染
1252,7783-89-3,对环境有害
1253,7783-92-8,对环境有危害，对水体可造成污染
1254,7783-93-9,对环境可能有害
1255,7783-97-3,对环境可能有害
1256,7784-27-2,对水生生物是有毒的
1257,7784-33-0,对环境有危害，对水体可造成污染
1258,7784-34-1,对水体、土壤和大气可造成污染
1259,7784-35-2,对水生生物有极高毒性，可能在水生环境中造成长期不利影响
1260,7784-42-1,对水生生物有极高毒性，可能在水生环境中造成长期不利影响
1261,7784-44-3,对环境有危害，对水体可造成污染
1262,7784-45-4,对水生生物有极高毒性，可能在水生环境中造成长期不利影响
1263,7784-46-5,对水生生物有极高毒性，可能在水生环境中造成长期不利影响
1264,7786-34-7,对环境有危害，对水体可造成污染
1265,7786-81-4,对环境有危害，对大气可造成污染
1266,7787-32-8,对环境有危害，对水体可造成污染
1267,7787-36-2,对环境有危害，对水体可造成污染
1268,7787-47-5,对环境有危害，对水体可造成污染
1269,7788-97-8,对环境有害
1270,7789-00-6,对环境有危害，对水体可造成污染
1271,7789-09-5,对水生生物有极高毒性，可能在水生环境中造成长期不利影响
1272,7789-18-6,对环境有害
1273,7789-19-7,对环境有危害，对水体可造成污染
1274,7789-21-1,对环境有害
1275,7789-23-3,对环境有害
1276,7789-24-4,对环境有危害，对水体可造成污染
1277,7789-29-9,对环境有危害，对水体可造成污染
1278,7789-36-8,对环境有害
1279,7789-38-0,对环境有害
1280,7789-40-4,对环境有害
1281,7789-47-1,对环境有危害，对水体可造成污染
1282,7789-60-8,对水体可造成污染
1283,7789-61-9,对环境有害
1284,7789-67-5,对环境有害
1285,7789-69-7,对环境有害
1286,7789-78-8,对环境有害
1287,7789-80-2,对环境可能有害
1288,7790-21-8,对环境有害
1289,7790-28-5,对环境有害
1290,7790-30-9,对环境有害
1291,7790-37-6,对环境可能有害
1292,7790-47-8,对环境有害
1293,7790-69-4,对水生生物是有毒的
1294,7790-79-6,对环境有危害，对水体可造成污染
1295,7790-81-0,对环境有害
1296,7790-94-5,对环境有害
1297,7790-98-9,对环境有害
1298,7791-03-9,对环境可能有害
1299,7791-10-8,对环境可能有危害，对水体可造成污染
1300,7791-12-0,对环境有危害，对水体可造成污染
1301,7791-23-3,对环境有害
1302,7791-25-5,对环境有害
1303,7791-27-7,对环境有危害，对水体可造成污染
1304,78-00-2,对水体、土壤和大气可造成污染
1305,78-10-4,对环境有害
1306,78-11-5,对环境有危害，对水体可造成污染
1307,78-18-2,对环境可能有害
1308,78-34-2,对环境有危害，对水体可造成污染
1309,78-62-6,对环境可能有害
1310,78-67-1,对水生生物有害，可能在水生环境中造成长期不利影响
1311,78-75-1,对水体、土壤和大气可造成污染
1312,78-77-3,对环境有危害，对水体和大气可造成污染，对大气臭氧层有极强破坏力
1313,78-78-4,对水生生物有毒，可能在水生环境中造成长期不利影响
1314,78-79-5,对水生生物有害，可能在水生环境中造成长期不利影响
1315,78-80-8,对环境有危害，对大气可造成污染
1316,78-81-9,对环境可能有害
1317,78-82-0,对环境有害
1318,78-83-1,对水体和土壤可造成污染
1319,78-84-2,对环境有害
1320,78-85-3,对环境有危害，对大气可造成污染
1321,78-86-4,对环境有害
1322,78-87-5,对环境有危害，对大气臭氧层有极强破坏力
1323,78-88-6,对环境有危害，对水体可造成污染
1324,78-90-0,对环境有害
1325,78-92-2,对环境可能有害
1326,78-93-3,对水体、土壤和大气可造成污染
1327,78-94-4,对环境有害
1328,7803-51-2,对大气可造成严重污染，对水生生物有极高毒性
1329,7803-52-3,对环境有害
1330,7803-55-6,对环境有危害，对水体可造成污染
1331,786-19-6,对环境有危害，对水体可造成污染
1332,79-00-5,对环境有害
1333,79-01-6,对水生生物有害，可能在水生环境中造成长期不利影响
1334,79-04-9,对水生生物有极高毒性
1335,79-06-1,对大气和水体可造成污染
1336,79-08-3,对水生生物有极高毒性
1337,79-09-4,对水生生物有毒性
1338,79-10-7,对水生生物有极高毒性
1339,79-11-8,对水生生物有极高毒性
1340,79-20-9,对环境有害
1341,79-21-0,对水生生物有极高毒性
1342,79-22-1,对环境有害
1343,79-24-3,对环境可能有害
1344,79-27-6,对水生生物有害，可能在水生环境中造成长期不利影响
1345,79-31-2,对环境有害
1346,79-34-5,对水生生物有毒，可能在水生环境中造成长期不利影响
1347,79-41-4,对环境有害
1348,79-43-6,对水生生物有极高毒性
1349,79-46-9,对水体、土壤和大气可造成污染
1350,79-92-5,对水生生物有毒性
1351,80-12-6,对环境有严重危害，对水体可造成污染
1352,80-15-9,对环境有危害，对大气可造成污染
1353,80-17-1,对环境可能有害
1354,80-56-8,对环境可能有害
1355,80-62-6,环境有害
1356,8001-35-2,对环境有危害，对水体和大气可造成污染，对大气臭氧层有极强破坏力
1357,8006-64-2,对水生生物有毒，可能在水生环境中造成长期不利影响
1358,8014-95-7,对环境有害
1359,8017-16-1,对环境有害
1360,8030-30-6,对环境有害
1361,8032-32-4,对环境有害
1362,81-20-9,对环境有害
1363,814-78-8,对环境有危害，对大气可造成污染
1364,818-08-6,对环境有危害，对水体可造成污染
1365,82-68-8,对环境有严重危害，对水体可造成污染
1366,824-78-2,对环境有危害，对水体可造成污染
1367,83-32-9,对水体和土壤可造成污染
1368,83-41-0,对环境有害
1369,85-41-6,对环境有危害
1370,85-44-9,对水体、土壤和大气可造成污染
1371,86-00-0,对环境有危害，对水体可造成污染
1372,86-30-6,对环境有危害，对水体可造成污染
1373,86-50-0,对环境有危害，对水体可造成污染
1374,86-53-3,对环境有危害，对水体可造成污染
1375,86-57-7,对环境有害
1376,865-44-1,对环境有害
1377,87-56-9,对环境有害
1378,87-59-2,对环境有害
1379,87-62-7,对水生生物有毒，可能在水生环境中造成长期不利影响
1380,87-68-3,对环境有危害
1381,87-90-1,对环境有危害，对水体可造成污染
1382,872-05-9,对环境可能有害
1383,88-18-6,对环境有危害
1384,88-72-2,对水生生物有毒，可能在水生环境中造成长期不利影响
1385,88-74-4,对水生生物有害，可能在水生环境中造成长期不利影响
1386,88-75-5,对水生生物有毒性
1387,88-85-7,对环境有严重危害，对水体可造成污染
1388,88-88-0,对水生生物有极高毒性，可能在水生环境中造成长期不利影响
1389,88-89-1,对水体可造成污染
1390,89-59-8,对环境有危害，对水体可造成污染
1391,89-61-2,对环境有危害，对水体可造成污染
1392,89-62-3,对环境有危害，对水体可造成污染
1393,89-63-4,对环境有危害，对水体可造成污染
1394,89-64-5,对环境有严重危害，对水体可造成污染
1395,89-87-2,对环境有害
1396,89-92-9,对环境可能有危害，对水体可造成污染
1397,90-02-8,对环境有害
1398,90-03-9,对环境有危害
1399,90-12-0,对水生生物有毒性
1400,900-95-8,对环境有危害，对水体可造成污染
1401,91-17-8,对环境有害
1402,91-20-3,对水生生物有极高毒性，可能在水生环境中造成长期不利影响
1403,91-22-5,对水体、土壤和大气可造成污染
1404,91-23-6,对环境有害
1405,91-57-6,对环境有害
1406,91-59-8,对水生生物有毒，可能在水生环境中造成长期不利影响
1407,91-62-3,对环境有危害
1408,91-66-7,对水生生物有毒，可能在水生环境中造成长期不利影响
1409,91-94-1,对环境有危害
1410,91724-16-2,对环境有危害，对水体可造成污染
1411,92-52-4,对环境有危害，对大气可造成污染
1412,92-67-1,对水体、土壤和大气可造成污染
1413,92-93-3,对环境有危害
1414,922-61-2,对环境有危害，对大气可造成污染
1415,926-57-8,对环境有危害，对水体和大气可造成污染，对大气臭氧层有极强破坏力
1416,926-82-9,对环境可能有危害，对水体、土壤和大气可造成污染
1417,927-07-1,对环境有危害
1418,928-45-0,对环境有危害
1419,928-49-4,对环境可能有害
1420,928-65-4,对环境有危害，对水体可造成污染
1421,93-58-3,对环境有害
1422,93-59-4,对环境有危害，对水体和大气可造成污染
1423,93-72-1,对环境有危害，对水体可造成污染
1424,93-76-5,对环境有危害，对水体可造成污染
1425,930-28-9,对环境有危害，对水体和大气可造成污染，对大气臭氧层有极强破坏力
1426,930-68-7,对环境有危害，对大气可造成污染
1427,931-87-3,对环境可能有害
1428,94-17-7,对环境有害
1429,94-36-0,对环境可能有害
1430,95-03-4,对环境有危害，对水体可造成污染
1431,95-06-7,对环境有危害
1432,95-46-5,对环境有害
1433,95-47-6,对水体、土壤和大气可造成污染
1434,95-48-7,对水体、土壤和大气可造成污染
1435,95-50-1,对水生生物有极高毒性，可能在水生环境中造成长期不利影响
1436,95-51-2,对环境有害
1437,95-53-4,对水生生物有极高毒性
1438,95-54-5,对水生生物有极高毒性，可能在水生环境中造成长期不利影响
1439,95-55-6,对环境有害
1440,95-56-7,对水生生物有毒性
1441,95-57-8,对水生生物有毒，可能在水生环境中造成长期不利影响
1442,95-63-6,对水生生物有毒，可能在水生环境中造成长期不利影响
1443,95-64-7,对环境有危害，对水体可造成污染
1444,95-65-8,对环境有危害，对水体和大气可造成污染
1445,95-68-1,对环境有害
1446,95-70-5,对水生生物有毒，可能在水生环境中造成长期不利影响
1447,95-73-8,对水生生物有毒性
1448,95-75-0,对环境有害
1449,95-76-1,对水生生物有极高毒性，可能在水生环境中造成长期不利影响
1450,95-77-2,对环境有危害，对水体可造成污染
1451,95-78-3,对水生生物有毒性
1452,95-80-7,对水生生物有毒，可能在水生环境中造成长期不利影响
1453,95-82-9,对环境有害
1454,95-85-2,对环境有危害，对水体可造成污染
1455,95-87-4,对环境有危害，对水体和大气可造成污染
1456,95-92-1,对水生生物有毒性
1457,95-94-3,对水生生物有毒性
1458,95-95-4,对环境有危害
1459,950-35-6,对环境有严重危害，对水体可造成污染
1460,96-09-3,对环境有危害，对水体可造成污染
1461,96-14-0,对环境可能有害
1462,96-18-4,对水生生物有毒性
1463,96-22-0,对环境可能有害
1464,96-24-2,对环境可能有危害，对水体可造成污染
1465,96-32-2,对环境有害
1466,96-33-3,对环境有害
1467,96-34-4,对环境有害
1468,96-37-7,对环境有害
1469,96-41-3,对水生生物有毒性
1470,96-80-0,对环境可能有危害，对水体可造成污染
1471,961-68-2,对环境有害
1472,97-00-7,对水生生物有毒性
1473,97-02-9,对水生生物有毒，可能在水生环境中造成长期不利影响
1474,97-52-9,对环境有危害
1475,97-62-1,对环境可能有害
1476,97-63-2,对环境可能有害
1477,97-64-3,对环境可能有害
1478,97-72-3,对环境有害
1479,97-85-8,对环境可能有害
1480,97-86-9,对水生生物有极高毒性
1481,97-88-1,对环境有害
1482,97-93-8,对环境有害
1483,97-94-9,对环境可能有危害，对水体可造成污染
1484,97-96-1,对环境有危害，对大气可造成污染
1485,98-01-1,对水生生物有毒性
1486,98-06-6,对环境有危害，对水体和大气可造成污染
1487,98-07-7,对环境有危害
1488,98-09-9,对环境有害
1489,98-13-5,对环境有害
1490,98-15-7,对环境有危害，对水体可造成污染
1491,98-47-5,对环境有危害，对水体可造成污染
1492,98-54-4,对环境有害
1493,98-56-6,对环境有危害，对水体可造成污染
1494,98-59-9,对环境有害
1495,98-72-6,对环境有危害，对水体可造成污染
1496,98-74-8,对环境有危害，对水体可造成污染
1497,98-82-8,对水生生物有毒，可能在水生环境中造成长期不利影响
1498,98-83-9,对环境有危害，对大气可造成污染
1499,98-85-1,对环境有危害，对水体可造成污染
1500,98-87-3,对环境可能有危害，对水体可造成污染
1501,98-88-4,对水生生物有毒性
1502,98-94-2,对环境有害
1503,98-95-3,对水生生物有毒，可能在水生环境中造成长期不利影响
1504,99-08-1,对水生生物有毒性
1505,99-09-2,对水生生物有害，可能在水生环境中造成长期不利影响
1506,99-12-7,对环境有害
1507,99-33-2,对环境有危害，对水体可造成污染
1508,99-35-4,对水生生物有极高毒性，可能在水生环境中造成长期不利影响
1509,99-51-4,对环境有害
1510,99-52-5,对环境有害
1511,99-54-7,对环境有严重危害，对水体可造成污染
1512,99-57-0,对环境有危害，对水体可造成污染
1513,99-63-8,对环境有危害，对水体可造成污染
1514,99-65-0,对水生生物有极高毒性，可能在水生环境中造成长期不利影响
1515,99-73-0,对环境有害
1516,99-87-6,对环境有危害，对水体和大气可造成污染
1517,99-99-0,对水生生物有毒，可能在水生环境中造成长期不利影响
1518,990-73-8,对环境有害
1519,993-00-0,对环境有害
