,CAS,食入
0,100-00-5,饮足量温水，催吐
1,100-00-5,洗胃，导泄
2,100-00-5,就医
3,100-01-6,饮足量温水，催吐
4,100-01-6,就医
5,100-02-7,饮足量温水，催吐
6,100-02-7,就医
7,100-07-2,饮足量温水，催吐
8,100-07-2,就医
9,100-11-8,用水漱口，给饮牛奶或蛋清
10,100-11-8,就医
11,100-12-9,饮足量温水，催吐
12,100-12-9,如有不适感，就医
13,100-14-1,饮足量温水，催吐
14,100-14-1,就医
15,100-16-3,饮足量温水，催吐
16,100-16-3,就医
17,100-17-4,漱口，给服活性炭悬液
18,100-17-4,就医
19,100-20-9,用水漱口，给饮牛奶或蛋清
20,100-20-9,就医
21,100-25-4,漱口，给活性炭悬液
22,100-25-4,就医
23,100-28-7,饮足量温水，催吐
24,100-28-7,就医
25,100-29-8,饮足量温水，催吐
26,100-29-8,就医
27,100-35-6,用水漱口，给饮牛奶或蛋清
28,100-35-6,就医
29,100-36-7,饮足量温水，催吐
30,100-36-7,就医
31,100-37-8,漱口，尽量饮水，禁止催吐
32,100-37-8,如有不适感，就医
33,100-39-0,用水漱口，禁止催吐
34,100-39-0,就医
35,100-40-3,饮足量温水，催吐
36,100-40-3,就医
37,100-41-4,饮水，禁止催吐
38,100-41-4,给服活性炭悬液
39,100-41-4,就医
40,100-42-5,尽量饮水，禁止催吐
41,100-42-5,如有不适感，就医
42,100-43-6,用水漱口，给饮牛奶或蛋清
43,100-43-6,就医
44,100-44-7,漱口
45,100-44-7,就医
46,100-46-9,饮足量温水，催吐
47,100-46-9,洗胃，导泄
48,100-46-9,就医
49,100-47-0,如患者神志清醒，催吐
50,100-47-0,洗胃
51,100-47-0,就医
52,100-50-5,饮足量温水，催吐
53,100-50-5,就医
54,100-53-8,饮足量温水，催吐
55,100-53-8,就医
56,100-56-1,饮足量温水，催吐
57,100-56-1,就医
58,100-61-8,饮足量温水，催吐
59,100-61-8,就医
60,100-63-0,漱口，口服活性炭悬液
61,100-63-0,就医
62,100-66-3,饮水，禁止催吐
63,100-66-3,如有不适感，就医
64,100-69-6,用水漱口，给饮牛奶或蛋清
65,100-69-6,就医
66,100-71-0,饮足量温水，催吐
67,100-71-0,就医
68,100-73-2,饮足量温水，催吐
69,100-73-2,就医
70,100-74-3,用水漱口，给饮牛奶或蛋清
71,100-74-3,就医
72,100-97-0,漱口，给服活性炭悬液
73,100-97-0,如有不适感，就医
74,100-99-2,饮水，禁止催吐
75,100-99-2,如有不适感，就医
76,1002-16-0,饮水，禁止催吐
77,1002-16-0,如有不适感，就医
78,10022-31-8,饮足量温水，催吐
79,10022-31-8,用2%～5%硫酸钠溶液洗胃，导泻
80,10022-31-8,就医
81,10024-97-2,不会通过该途径接触
82,10025-68-0,饮足量温水，催吐
83,10025-68-0,洗胃
84,10025-68-0,就医
85,10025-78-2,漱口，禁止催吐
86,10025-78-2,不给任何饮品
87,10025-78-2,就医
88,10025-87-3,用水漱口，禁止催吐
89,10025-87-3,忌服油类
90,10025-87-3,就医
91,10025-91-9,用水漱口，禁止催吐
92,10025-91-9,尽量饮水
93,10025-91-9,给饮牛奶或蛋清
94,10025-91-9,就医
95,10026-03-6,饮足量温水，催吐
96,10026-03-6,就医
97,10026-04-7,用水漱口，禁止催吐，不给任何饮品
98,10026-04-7,就医
99,10026-11-6,用水漱口，给饮牛奶或蛋清
100,10026-11-6,就医
101,10026-12-7,饮足量温水，催吐
102,10026-12-7,就医
103,10026-13-8,用水漱口，禁止催吐
104,10026-13-8,忌服油类
105,10026-13-8,就医
106,10026-17-2,饮足量温水，催吐
107,10026-17-2,就医
108,10026-18-3,误服者口服牛奶、豆浆或蛋清，就医
109,1003-03-8,饮足量温水，催吐
110,1003-03-8,就医
111,10031-13-7,饮足量温水，催吐
112,10031-13-7,洗胃，导泄
113,10031-13-7,就医
114,10031-18-2,如患者神志清醒，催吐，洗胃
115,10031-18-2,口服活性炭，导泻
116,10031-18-2,就医
117,10031-43-3,饮足量温水，催吐
118,10031-43-3,误服者用0.1%亚铁氰化钾或硫代硫酸钠洗胃
119,10031-43-3,就医
120,10034-81-8,饮足量温水，催吐
121,10034-81-8,就医
122,10034-85-2,不会通过该途径接触
123,10035-10-6,用水漱口，给饮牛奶或蛋清
124,10035-10-6,就医
125,10038-98-9,用水漱口，给饮牛奶或蛋清
126,10038-98-9,就医
127,10039-54-0,饮足量温水，催吐
128,10039-54-0,洗胃，导泄
129,10039-54-0,就医
130,10042-76-9,饮足量温水，催吐
131,10042-76-9,就医
132,10043-35-3,饮足量温水，催吐
133,10043-35-3,洗胃，导泄
134,10043-35-3,就医
135,10045-94-0,漱口，催吐
136,10045-94-0,给服活性炭悬液
137,10045-94-0,就医
138,10049-04-4,用水漱口，给饮牛奶或蛋清
139,10049-04-4,就医
140,10099-59-9,如患者神志清醒，催吐
141,10099-59-9,就医
142,10099-74-8,饮足量温水，催吐
143,10099-74-8,就医
144,10099-76-0,饮足量温水，催吐
145,10099-76-0,洗胃，导泄
146,10099-76-0,就医
147,101-02-0,饮足量温水，催吐
148,101-02-0,洗胃，导泄
149,101-02-0,就医
150,101-14-4,"DO NOT INDUCE VOMITING. If the victim is conscious and not convulsing, give 1 or 2 glasses of water to dilute the chemical and IMMEDIATELY call a hospital or poison control center. Be prepared to transport the victim to a hospital if advised by a physician. If the victim is convulsing or unconscious, do not give anything by mouth, ensure that the victim's airway is open and lay the victim on his/her side with the head lower than the body. DO NOT INDUCE VOMITING. IMMEDIATELY transport the victim to a hospital."
151,101-25-7,用水漱口，就医
152,101-27-9,饮足量温水，催吐
153,101-27-9,就医
154,101-37-1,饮足量温水，催吐
155,101-37-1,就医
156,101-54-2,饮足量温水，催吐
157,101-54-2,就医
158,101-68-8,饮足量温水，催吐
159,101-68-8,就医
160,101-77-9,饮足量温水，催吐
161,101-77-9,洗胃，导泄
162,101-77-9,就医
163,101-82-6,饮足量温水，催吐
164,101-82-6,就医
165,101-83-7,用水漱口，禁止催吐，给饮牛奶或蛋清
166,101-83-7,就医
167,10101-50-5,给饮水
168,10101-50-5,如有不适感，就医
169,10102-18-8,饮足量温水，催吐
170,10102-18-8,洗胃，导泄
171,10102-18-8,就医
172,10102-20-2,饮足量温水，催吐
173,10102-20-2,就医
174,10102-43-9,不会通过该途径接触
175,10102-45-1,饮足量温水，催吐
176,10102-45-1,洗胃，导泄
177,10102-45-1,就医
178,10102-49-5,饮足量温水，催吐
179,10102-49-5,洗胃，导泄
180,10102-49-5,就医
181,10103-50-1,饮足量温水，催吐
182,10103-50-1,洗胃，导泄
183,10103-50-1,就医
184,10103-61-4,请勿催吐！
185,10108-64-2,饮足量温水，催吐、导泻
186,10108-64-2,就医
187,10108-73-3,漱口
188,10108-73-3,就医
189,10112-91-1,用水漱口，给饮牛奶或蛋清
190,10112-91-1,就医
191,10118-76-0,给饮水
192,10118-76-0,如有不适感，就医
193,10124-36-4,误服者给饮牛奶或蛋清；就医
194,10124-37-5,饮足量温水，催吐
195,10124-37-5,就医
196,10124-43-3,饮足量温水，催吐
197,10124-43-3,就医
198,10124-48-8,饮足量温水，催吐
199,10124-48-8,就医
200,10124-50-2,漱口，催吐
201,10124-50-2,给服活性炭悬液
202,10124-50-2,就医
203,10137-69-6,用水漱口，给饮牛奶或蛋清
204,10137-69-6,就医
205,10138-60-0,禁止催吐！不要给昏迷者喂食任何东西，可以用温水漱口
206,10138-60-0,就医
207,10139-58-9,饮足量温水，催吐
208,10139-58-9,就医
209,10141-05-6,漱口，饮足量温水
210,10141-05-6,就医
211,10192-29-7,饮足量温水，催吐
212,10192-29-7,就医
213,102-27-2,饮足量温水，催吐
214,102-27-2,就医
215,102-36-3,饮足量温水，催吐
216,102-36-3,就医
217,102-47-6,饮足量温水，催吐
218,102-47-6,就医
219,102-69-2,饮水，禁止催吐
220,102-69-2,如有不适感，就医
221,102-70-5,饮足量温水，催吐
222,102-70-5,洗胃，导泄
223,102-70-5,就医
224,102-81-8,给饮足量温水，催吐，就医
225,102-82-9,漱口，禁止催吐
226,102-82-9,如有不适感，就医
227,10217-52-4,饮足量温水，催吐
228,10217-52-4,洗胃
229,10217-52-4,就医
230,10241-05-1,用水漱口，给饮牛奶或蛋清
231,10241-05-1,就医
232,10265-92-6,饮足量温水，催吐
233,10265-92-6,用1∶5000高锰酸钾溶液洗胃
234,10265-92-6,口服活性炭，导泻
235,10265-92-6,每5min给服一片阿托品，直到感觉口干为止
236,10265-92-6,就医
237,10290-12-7,饮足量温水，催吐
238,10290-12-7,洗胃，导泄
239,10290-12-7,就医
240,10294-33-4,用水漱口，给饮牛奶或蛋清
241,10294-33-4,禁止催吐
242,10294-33-4,就医
243,10294-34-5,不会通过该途径接触
244,10294-56-1,"Do NOT induce vomiting. If victim is conscious and alert, give 2-4 cupfuls of milk or water. Never give anything by mouth to an unconscious person. Get medical aid immediately."
245,103-65-1,饮水，禁止催吐
246,103-65-1,如有不适感，就医
247,103-69-5,漱口
248,103-69-5,就医
249,103-71-9,饮足量温水，禁止催吐
250,103-71-9,就医
251,103-72-0,用水漱口，给饮牛奶或蛋清
252,103-72-0,就医
253,103-80-0,用水漱口，给饮牛奶或蛋清
254,103-80-0,就医
255,103-83-3,用水漱口，给饮牛奶或蛋清
256,103-83-3,就医
257,103-84-4,用水漱口，给饮牛奶或蛋清
258,103-84-4,就医
259,1031-47-6,饮足量温水，催吐
260,1031-47-6,用清水或2％～5％碳酸氢钠溶液洗胃
261,1031-47-6,就医
262,10311-84-9,饮足量温水，催吐
263,10311-84-9,用清水或2％～5％碳酸氢钠溶液洗胃
264,10311-84-9,就医
265,10325-94-7,饮足量温水，催吐
266,10325-94-7,就医
267,10326-21-3,用水漱口，给饮牛奶或蛋清
268,10326-21-3,就医
269,10326-24-6,饮足量温水，催吐
270,10326-24-6,洗胃，导泄
271,10326-24-6,就医
272,10361-37-2,饮足量温水，催吐
273,10361-37-2,用2%～5%硫酸钠溶液洗胃，导泻
274,10361-37-2,就医
275,10361-44-1,如患者神志清醒，催吐
276,10361-44-1,就医
277,10361-95-2,饮足量温水，催吐
278,10361-95-2,就医
279,10377-60-3,饮足量温水
280,10377-60-3,就医
281,104-51-8,饮水，禁止催吐
282,104-51-8,如有不适感，就医
283,104-75-6,用水漱口，给饮牛奶或蛋清
284,104-75-6,就医
285,104-78-9,用水漱口，给饮牛奶或蛋清
286,104-78-9,就医
287,104-83-6,饮足量温水，催吐
288,104-83-6,就医
289,104-85-8,饮足量温水，催吐
290,104-85-8,就医
291,104-90-5,饮足量温水，催吐
292,104-90-5,就医
293,104-91-6,饮足量温水，催吐
294,104-91-6,就医
295,104-92-7,饮水，禁止催吐
296,104-92-7,如有不适感，就医
297,104-94-9,饮足量温水，催吐
298,104-94-9,洗胃，导泄
299,104-94-9,就医
300,10421-48-4,饮足量温水
301,10421-48-4,就医
302,10450-60-9,饮水，禁止催吐
303,10450-60-9,如有不适感，就医
304,105-05-5,饮水，禁止催吐
305,105-05-5,如有不适感，就医
306,105-29-3,用水漱口，给饮牛奶或蛋清
307,105-29-3,就医
308,105-30-6,饮足量温水，催吐
309,105-30-6,就医
310,105-36-2,饮足量温水，催吐
311,105-36-2,就医
312,105-37-3,漱口，尽量饮水
313,105-37-3,如有不适感，就医
314,105-39-5,尽量饮水
315,105-39-5,就医
316,105-46-4,漱口，禁止催吐
317,105-46-4,就医
318,105-54-4,饮水，禁止催吐
319,105-54-4,如有不适感，就医
320,105-56-6,如患者神志清醒，催吐
321,105-56-6,洗胃
322,105-56-6,就医
323,105-57-7,饮水，禁止催吐
324,105-57-7,如有不适感，就医
325,105-58-8,漱口
326,105-58-8,如有不适感，就医
327,105-64-6,饮足量温水，催吐
328,105-64-6,就医
329,105-66-8,饮水，禁止催吐
330,105-66-8,如有不适感，就医
331,105-67-9,尽快彻底洗胃
332,105-67-9,给饮牛奶或蛋清
333,105-67-9,就医
334,105-68-0,漱口，尽量饮水
335,105-68-0,如有不适感，就医
336,105-74-8,用水漱口，给饮牛奶或蛋清
337,105-74-8,就医
338,10508-09-5,Seek medical assistance.
339,10544-72-6,不会通过该途径接触
340,10544-73-7,不会通过该途径接触
341,10545-99-0,用水漱口，给饮牛奶或蛋清
342,10545-99-0,就医
343,10567-69-8,饮足量温水，催吐，给服硫酸钠
344,10567-69-8,就医
345,10588-01-9,用水漱口
346,10588-01-9,给饮牛奶或蛋清
347,10588-01-9,就医
348,106-31-0,用水漱口，给饮牛奶或蛋清
349,106-31-0,就医
350,106-35-4,饮水，禁止催吐
351,106-35-4,如有不适感，就医
352,106-38-7,饮足量温水，催吐
353,106-38-7,就医
354,106-40-1,饮足量温水，催吐
355,106-40-1,就医
356,106-41-2,立即给饮植物油15～30ml
357,106-41-2,催吐
358,106-41-2,口服活性炭，导泻
359,106-41-2,就医
360,106-41-2,不能使用石蜡油或酒精
361,106-42-3,饮水，禁止催吐
362,106-42-3,如有不适感，就医
363,106-43-4,饮水，禁止催吐
364,106-43-4,如有不适感，就医
365,106-44-5,立即给饮植物油15～30ml
366,106-44-5,禁止催吐
367,106-44-5,口服活性炭，导泻
368,106-44-5,就医
369,106-44-5,不能使用石蜡油或酒精
370,106-45-6,用水漱口，给饮牛奶或蛋清
371,106-45-6,就医
372,106-47-8,饮足量温水
373,106-47-8,就医
374,106-48-9,立即给饮植物油15～30ml
375,106-48-9,禁止催吐
376,106-48-9,口服活性炭，导泻
377,106-48-9,就医
378,106-48-9,不能使用石蜡油或酒精
379,106-49-0,饮足量温水，催吐
380,106-49-0,就医
381,106-50-3,漱口，给服活性炭悬液
382,106-50-3,就医
383,106-51-4,漱口，给服活性炭悬液，禁止催吐
384,106-51-4,就医
385,106-54-7,用水漱口，给饮牛奶或蛋清
386,106-54-7,就医
387,106-58-1,用水漱口，给饮牛奶或蛋清
388,106-58-1,就医
389,106-63-8,饮水，禁止催吐
390,106-63-8,如有不适感，就医
391,106-70-7,饮水，禁止催吐
392,106-70-7,如有不适感，就医
393,106-88-7,用水漱口，催吐
394,106-88-7,就医
395,106-92-3,饮足量温水，催吐
396,106-92-3,就医
397,106-93-4,饮足量温水，催吐
398,106-93-4,就医
399,106-94-5,饮水，禁止催吐
400,106-94-5,如有不适感，就医
401,106-95-6,饮足量温水，催吐
402,106-95-6,就医
403,106-96-7,饮足量温水，催吐
404,106-96-7,洗胃，导泄
405,106-96-7,就医
406,106-97-8,不会通过该途径接触
407,106-98-9,不会通过该途径接触
408,106-99-0,不会通过该途径接触
409,1068-19-5,饮足量温水，催吐
410,1068-19-5,就医
411,1068-27-5,"Seek medical attention. If individual is drowsy or unconscious, do not give anything by mouth; place individual on the left side with the head down. Contact a physician, medical facility, or poison control center for advice about whether to induce vomiting. If possible, do not leave individual unattended."
412,107-00-6,不会通过该途径接触
413,107-01-7,不会通过该途径接触
414,107-02-8,用水漱口，给饮牛奶或蛋清
415,107-02-8,禁止催吐
416,107-02-8,就医
417,107-03-9,饮足量温水，催吐
418,107-03-9,就医
419,107-04-0,饮足量温水，催吐
420,107-04-0,就医
421,107-05-1,漱口，给服活性炭悬液
422,107-05-1,尽量饮水
423,107-05-1,如有不适感，就医
424,107-06-2,不给任何饮品
425,107-06-2,就医
426,107-07-3,饮足量温水，催吐
427,107-07-3,洗胃，导泄
428,107-07-3,就医
429,107-08-4,饮水，禁止催吐
430,107-08-4,如有不适感，就医
431,107-08-4,避免饮牛奶、油类，避免饮酒
432,107-10-8,尽量饮水，禁止催吐
433,107-10-8,就医
434,107-11-9,漱口
435,107-11-9,就医
436,107-12-0,如患者神志清醒，饮水，给服活性炭悬液，催吐
437,107-12-0,洗胃
438,107-12-0,就医
439,107-13-1,如患者神志清醒，口服活性炭悬液，催吐
440,107-13-1,洗胃
441,107-13-1,就医
442,107-14-2,漱口，给服活性炭悬液，禁止催吐
443,107-14-2,就医
444,107-15-3,用水漱口，给饮牛奶或蛋清
445,107-15-3,禁止催吐
446,107-15-3,就医
447,107-16-4,不要催吐
448,107-16-4,可服用活性炭浆水，240毫升/ 30克炭
449,107-16-4,常用剂量：成人/青少年 25到100克
450,107-18-6,禁止催吐！不要给昏迷者喂食任何东西，可以用温水漱口
451,107-18-6,就医
452,107-19-7,用水漱口，给饮牛奶或蛋清
453,107-19-7,就医
454,107-20-0,漱口，禁止催吐
455,107-20-0,就医
456,107-27-7,如患者神志清醒，催吐，洗胃
457,107-27-7,口服活性炭，导泻
458,107-27-7,就医
459,107-29-9,饮足量温水，催吐
460,107-29-9,就医
461,107-30-2,漱口，禁止催吐
462,107-30-2,如有不适感，就医
463,107-31-3,漱口，给服活性炭悬液
464,107-31-3,催吐
465,107-31-3,如有不适感，就医
466,107-37-9,用水漱口，给饮牛奶或蛋清
467,107-37-9,就医
468,107-45-9,饮足量温水，催吐
469,107-45-9,洗胃，导泄
470,107-45-9,就医
471,107-46-0,饮水，禁止催吐
472,107-46-0,如有不适感，就医
473,107-49-3,饮足量温水，催吐
474,107-49-3,用清水或2％～5％碳酸氢钠溶液洗胃
475,107-49-3,就医
476,107-59-5,饮足量温水，催吐
477,107-59-5,就医
478,107-70-0,饮足量温水，催吐
479,107-70-0,就医
480,107-71-1,饮足量温水，催吐
481,107-71-1,就医
482,107-72-2,用水漱口，给饮牛奶或蛋清
483,107-72-2,就医
484,107-81-3,饮足量温水，催吐
485,107-81-3,就医
486,107-82-4,饮足量温水，催吐
487,107-82-4,就医
488,107-83-5,饮水，禁止催吐
489,107-83-5,如有不适感，就医
490,107-84-6,饮足量温水，催吐
491,107-84-6,就医
492,107-85-7,饮水，禁止催吐
493,107-85-7,如有不适感，就医
494,107-87-9,漱口，禁止催吐
495,107-87-9,如有不适感，就医
496,107-89-1,饮足量温水，催吐
497,107-89-1,就医
498,107-92-6,用水漱口，禁止催吐
499,107-92-6,给饮牛奶或蛋清
500,107-92-6,就医
501,107-94-8,用水漱口，给饮牛奶或蛋清
502,107-94-8,就医
503,108-01-0,漱口，禁止催吐
504,108-01-0,尽量饮水
505,108-01-0,如有不适感，就医
506,108-03-2,漱口，尽量饮水
507,108-03-2,如有不适感，就医
508,108-05-4,漱口，尽量饮水
509,108-05-4,如有不适感，就医
510,108-08-7,饮水，禁止催吐
511,108-08-7,如有不适感，就医
512,108-09-8,饮水，禁止催吐
513,108-09-8,如有不适感，就医
514,108-10-1,漱口，禁止催吐
515,108-10-1,就医
516,108-11-2,饮足量温水，催吐
517,108-11-2,就医
518,108-12-3,用水漱口，给饮牛奶或蛋清
519,108-12-3,就医
520,108-16-7,饮水，禁止催吐
521,108-16-7,如有不适感，就医
522,108-18-9,漱口，禁止催吐
523,108-18-9,如有不适感，就医
524,108-20-3,漱口，如有不适感，就医
525,108-21-4,漱口，禁止催吐
526,108-21-4,如有不适感，就医
527,108-22-5,饮足量温水，催吐
528,108-22-5,就医
529,108-23-6,漱口，禁止催吐
530,108-23-6,给饮牛奶或蛋青
531,108-23-6,就医
532,108-24-7,用水漱口，给饮牛奶或蛋清
533,108-24-7,就医
534,108-31-6,用水漱口，给饮牛奶或蛋清
535,108-31-6,就医
536,108-38-3,饮水，禁止催吐
537,108-38-3,如有不适感，就医
538,108-39-4,立即给饮植物油15～30ml
539,108-39-4,口服活性炭，导泻
540,108-39-4,就医
541,108-39-4,不能使用石蜡油或酒精
542,108-40-7,用水漱口，给饮牛奶或蛋清
543,108-40-7,就医
544,108-41-8,饮足量温水，催吐
545,108-41-8,就医
546,108-42-9,饮足量温水，催吐
547,108-42-9,就医
548,108-43-0,立即给饮植物油15～30ml
549,108-43-0,催吐
550,108-43-0,口服活性炭，导泻
551,108-43-0,就医
552,108-43-0,不能使用石蜡油或酒精
553,108-44-1,饮足量温水，催吐
554,108-44-1,给饮牛奶或蛋清
555,108-44-1,就医
556,108-45-2,饮足量温水，催吐
557,108-45-2,就医
558,108-46-3,立即给饮植物油15～30ml
559,108-46-3,催吐
560,108-46-3,口服活性炭，导泻
561,108-46-3,就医
562,108-46-3,不能使用石蜡油或酒精
563,108-47-4,饮水，禁止催吐
564,108-47-4,如有不适感，就医
565,108-48-5,饮水，禁止催吐
566,108-48-5,如有不适感，就医
567,108-60-1,饮足量温水，催吐
568,108-60-1,就医
569,108-64-5,饮水，禁止催吐
570,108-64-5,如有不适感，就医
571,108-67-8,饮足量温水，催吐
572,108-67-8,就医
573,108-68-9,尽快彻底洗胃
574,108-68-9,给饮牛奶或蛋清
575,108-68-9,就医
576,108-69-0,饮足量温水，催吐
577,108-69-0,就医
578,108-70-3,漱口，尽量饮水
579,108-70-3,如有不适感，就医
580,108-73-6,饮足量温水，催吐
581,108-73-6,就医
582,108-77-0,饮足量温水，催吐
583,108-77-0,就医
584,108-83-8,饮足量温水，催吐
585,108-83-8,就医
586,108-84-9,饮足量温水，催吐
587,108-84-9,就医
588,108-86-1,饮水，禁止催吐
589,108-86-1,如有不适感，就医
590,108-87-2,饮水，禁止催吐
591,108-87-2,如有不适感，就医
592,108-88-3,饮水，禁止催吐
593,108-88-3,如有不适感，就医
594,108-90-7,饮水，禁止催吐
595,108-90-7,如有不适感，就医
596,108-91-8,漱口，尽量饮水，禁止催吐
597,108-91-8,如有不适感，就医
598,108-94-1,漱口，尽量饮水
599,108-94-1,如有不适感，就医
600,108-95-2,立即给饮植物油15～30ml
601,108-95-2,催吐
602,108-95-2,口服活性炭，导泻
603,108-95-2,就医
604,108-95-2,不能使用石蜡油或酒精
605,108-98-5,饮足量温水，催吐
606,108-98-5,就医
607,108-99-6,饮水，禁止催吐
608,108-99-6,如有不适感，就医
609,109-02-4,饮水，禁止催吐
610,109-02-4,如有不适感，就医
611,109-05-7,用水漱口
612,109-05-7,就医
613,109-06-8,饮水，禁止催吐
614,109-06-8,如有不适感，就医
615,109-09-1,饮足量温水，催吐
616,109-09-1,洗胃，导泄
617,109-09-1,就医
618,109-21-7,饮水，禁止催吐
619,109-21-7,如有不适感，就医
620,109-49-9,饮足量温水，催吐
621,109-49-9,就医
622,109-52-4,用水漱口，给饮牛奶或蛋清
623,109-52-4,就医
624,109-53-5,饮足量温水，催吐
625,109-53-5,就医
626,109-55-7,饮水，禁止催吐
627,109-55-7,如有不适感，就医
628,109-59-1,饮足量温水，催吐
629,109-59-1,就医
630,109-60-4,漱口
631,109-60-4,就医
632,109-61-5,漱口，尽量饮水，禁止催吐
633,109-61-5,给饮牛奶或蛋清
634,109-61-5,就医
635,109-65-9,饮水，禁止催吐
636,109-65-9,如有不适感，就医
637,109-66-0,饮水，禁止催吐
638,109-66-0,如有不适感，就医
639,109-67-1,饮水，禁止催吐
640,109-67-1,如有不适感，就医
641,109-68-2,饮水，禁止催吐
642,109-68-2,如有不适感，就医
643,109-69-3,漱口，饮水
644,109-69-3,就医
645,109-70-6,用水漱口，给饮牛奶或蛋清
646,109-70-6,就医
647,109-73-9,饮水，禁止催吐
648,109-73-9,如有不适感，就医
649,109-74-0,如患者神志清醒，漱口，给服活性炭悬液，催吐
650,109-74-0,洗胃
651,109-74-0,就医
652,109-75-1,饮足量温水，催吐
653,109-75-1,洗胃，导泄
654,109-75-1,就医
655,109-76-2,用水漱口，给饮牛奶或蛋清
656,109-76-2,就医
657,109-77-3,如患者神志清醒，饮水，给服活性炭悬液，催吐
658,109-77-3,洗胃
659,109-77-3,就医
660,109-79-5,漱口
661,109-79-5,如有不适感，就医
662,109-86-4,漱口，饮足量温水
663,109-86-4,就医
664,109-87-5,漱口
665,109-87-5,如有不适感，就医
666,109-89-7,尽量饮水，禁止催吐
667,109-89-7,如有不适感，就医
668,109-90-0,饮足量温水，催吐
669,109-90-0,就医
670,109-92-2,饮足量温水，催吐
671,109-92-2,就医
672,109-93-3,饮水，禁止催吐
673,109-93-3,如有不适感，就医
674,109-94-4,饮水，禁止催吐
675,109-94-4,如有不适感，就医
676,109-95-5,饮足量温水，催吐
677,109-95-5,就医
678,109-97-7,饮足量温水，催吐
679,109-97-7,就医
680,109-99-9,漱口
681,109-99-9,如有不适感，就医
682,110-00-9,饮水，是否催吐须遵医嘱
683,110-00-9,如有不适感，就医
684,110-01-0,漱口
685,110-01-0,如有不适感，就医
686,110-02-1,饮足量温水，催吐
687,110-02-1,就医
688,110-05-4,饮足量温水，催吐
689,110-05-4,就医
690,110-12-3,饮足量温水，催吐
691,110-12-3,就医
692,110-18-9,饮水，禁止催吐
693,110-18-9,如有不适感，就医
694,110-19-0,漱口，禁止催吐
695,110-19-0,如有不适感，就医
696,110-43-0,饮水，禁止催吐
697,110-43-0,如有不适感，就医
698,110-45-2,饮水，禁止催吐
699,110-45-2,如有不适感，就医
700,110-46-3,漱口
701,110-46-3,就医
702,110-49-6,漱口，禁止催吐
703,110-49-6,就医
704,110-53-2,饮水，禁止催吐
705,110-53-2,如有不适感，就医
706,110-54-3,饮水，禁止催吐
707,110-54-3,如有不适感，就医
708,110-56-5,饮水，禁止催吐
709,110-56-5,如有不适感，就医
710,110-58-7,饮水，禁止催吐
711,110-58-7,如有不适感，就医
712,110-59-8,如患者神志清醒，口服活性炭悬液，催吐
713,110-59-8,洗胃
714,110-59-8,就医
715,110-60-1,用水漱口，给饮牛奶或蛋清
716,110-60-1,就医
717,110-61-2,漱口，给服活性炭悬液，禁止催吐
718,110-61-2,就医
719,110-62-3,漱口，尽量饮水
720,110-62-3,如有不适感，就医
721,110-65-6,饮足量温水，催吐
722,110-65-6,就医
723,110-66-7,漱口，尽量饮水，禁止催吐
724,110-66-7,如有不适感，就医
725,110-68-9,饮水，禁止催吐
726,110-68-9,如有不适感，就医
727,110-69-0,饮足量温水，催吐
728,110-69-0,就医
729,110-71-4,漱口，尽量饮水
730,110-71-4,就医
731,110-74-7,饮水，禁止催吐
732,110-74-7,如有不适感，就医
733,110-75-8,饮足量温水，催吐
734,110-75-8,就医
735,110-77-0,用水漱口，给饮牛奶或蛋清
736,110-77-0,就医
737,110-78-1,饮足量温水，催吐
738,110-78-1,就医
739,110-80-5,饮足量温水，禁止催吐
740,110-80-5,就医
741,110-82-7,漱口，禁止催吐
742,110-82-7,给服活性炭悬液
743,110-82-7,如有不适感，就医
744,110-83-8,漱口，禁止催吐
745,110-83-8,如有不适感，就医
746,110-85-0,饮足量温水，催吐
747,110-85-0,就医
748,110-86-1,饮足量温水，催吐
749,110-86-1,洗胃，导泄
750,110-86-1,就医
751,110-89-4,饮水，禁止催吐
752,110-89-4,就医
753,110-91-8,饮水，禁止催吐
754,110-91-8,就医
755,110-96-3,漱口，尽量饮水，禁止催吐
756,110-96-3,如有不适感，就医
757,110-97-4,用水漱口，给饮牛奶或蛋清
758,110-97-4,禁止催吐
759,110-97-4,就医
760,111-14-8,饮足量温水，催吐
761,111-14-8,就医
762,111-15-9,漱口，禁止催吐
763,111-15-9,就医
764,111-19-3,饮足量温水，催吐
765,111-19-3,就医
766,111-25-1,饮水，禁止催吐
767,111-25-1,如有不适感，就医
768,111-26-2,饮水，禁止催吐
769,111-26-2,如有不适感，就医
770,111-30-8,用水漱口
771,111-31-9,饮足量温水，催吐
772,111-31-9,就医
773,111-34-2,饮足量温水，催吐
774,111-34-2,就医
775,111-36-4,用水漱口，给饮牛奶或蛋清
776,111-36-4,就医
777,111-40-0,用水漱口，给饮牛奶或蛋清
778,111-40-0,就医
779,111-42-2,用水漱口，给饮牛奶或蛋清
780,111-42-2,就医
781,111-43-3,饮水，禁止催吐
782,111-43-3,如有不适感，就医
783,111-44-4,饮足量温水，催吐
784,111-44-4,避免饮牛奶、油类，避免饮酒
785,111-44-4,就医
786,111-47-7,饮水，禁止催吐
787,111-47-7,如有不适感，就医
788,111-49-9,饮足量温水，催吐
789,111-49-9,就医
790,111-50-2,用水漱口，给饮牛奶或蛋清
791,111-50-2,就医
792,111-64-8,用水漱口，给饮牛奶或蛋清
793,111-64-8,就医
794,111-65-9,不给任何饮品，禁止催吐
795,111-65-9,如有不适感，就医
796,111-66-0,漱口，禁止催吐
797,111-66-0,如有不适感，就医
798,111-67-1,饮水，禁止催吐
799,111-67-1,如有不适感，就医
800,111-68-2,用水漱口，给饮牛奶或蛋清
801,111-68-2,就医
802,111-69-3,如患者神志清醒，催吐
803,111-69-3,洗胃
804,111-69-3,就医
805,111-71-7,漱口
806,111-71-7,如有不适感，就医
807,111-76-2,饮足量温水，催吐
808,111-76-2,就医
809,111-78-4,用水漱口，给饮牛奶或蛋清
810,111-78-4,就医
811,111-88-6,饮足量温水，催吐
812,111-88-6,就医
813,111-92-2,用水漱口，禁止催吐，给饮牛奶或蛋清
814,111-92-2,就医
815,111-94-4,用水漱口，给饮牛奶或蛋清
816,111-94-4,就医
817,1118-14-5,饮足量温水，催吐
818,1118-14-5,洗胃，导泄
819,1118-14-5,就医
820,112-04-9,用水漱口，给饮牛奶或蛋清
821,112-04-9,就医
822,112-16-3,用水漱口，给饮牛奶或蛋清
823,112-16-3,就医
824,112-24-3,用水漱口，禁止催吐
825,112-24-3,给饮牛奶或蛋清
826,112-24-3,就医
827,112-55-0,漱口
828,112-55-0,就医
829,112-57-2,用水漱口，给饮牛奶或蛋清
830,112-57-2,就医
831,112-64-1,用水漱口，给饮牛奶或蛋清
832,112-64-1,就医
833,112-76-5,饮足量温水，催吐
834,112-76-5,就医
835,112-96-9,饮足量温水，催吐
836,112-96-9,就医
837,1126-78-9,饮足量温水，催吐
838,1126-78-9,就医
839,115-07-1,不会通过该途径接触
840,115-09-3,饮足量温水，催吐
841,115-09-3,洗胃，导泄
842,115-09-3,就医
843,115-10-6,不会通过该途径接触
844,115-11-7,不会通过该途径接触
845,115-17-3,用水漱口，给饮牛奶或蛋清
846,115-17-3,就医
847,115-19-5,饮足量温水，催吐
848,115-19-5,就医
849,115-21-9,不给任何饮品
850,115-21-9,禁止催吐
851,115-21-9,就医
852,115-26-4,饮足量温水，催吐
853,115-26-4,用清水或2％～5％碳酸氢钠溶液洗胃
854,115-26-4,就医
855,115-29-7,饮足量温水，催吐
856,115-29-7,就医
857,115-31-1,饮足量温水，催吐
858,115-31-1,洗胃，导泄
859,115-31-1,就医
860,115-80-0,饮足量温水，催吐
861,115-80-0,就医
862,115-90-2,饮足量温水，催吐
863,115-90-2,用清水或2％～5％碳酸氢钠溶液洗胃
864,115-90-2,就医
865,116-06-3,饮足量温水，催吐
866,116-06-3,洗胃，导泄
867,116-06-3,就医
868,116-14-3,不会通过该途径接触
869,116-15-4,不会通过该途径接触
870,116-16-5,饮足量温水，催吐
871,116-16-5,就医
872,116-54-1,用水漱口，给饮牛奶或蛋清
873,116-54-1,就医
874,1165-48-6,禁止催吐！不要给昏迷者喂食任何东西，可以用温水漱口
875,1165-48-6,就医
876,117-08-8,"DO NOT INDUCE VOMITING. If the victim is conscious and not convulsing, give 1 or 2 glasses of water to dilute the chemical and IMMEDIATELY call a hospital or poison control center. Be prepared to transport the victim to a hospital if advised by a physician."
877,117-80-6,饮足量温水，催吐
878,117-80-6,就医
879,118-02-5,饮足量温水，催吐
880,118-02-5,就医
881,118-44-5,饮足量温水，催吐
882,118-44-5,就医
883,118-69-4,给饮水
884,118-69-4,如有不适感，就医
885,118-74-1,漱口
886,118-74-1,就医
887,118-96-7,用水漱口
888,118-96-7,催吐
889,118-96-7,就医
890,119-26-6,用水漱口，就医
891,119-27-7,饮水或牛奶
892,119-27-7,如有不适感，就医
893,119-32-4,饮足量温水，催吐
894,119-32-4,就医
895,119-33-5,饮足量温水，催吐
896,119-33-5,就医
897,119-90-4,饮足量温水，催吐
898,119-90-4,就医
899,119-93-7,漱口，催吐
900,119-93-7,就医
901,120-12-7,漱口
902,120-12-7,就医
903,120-22-9,饮足量温水，催吐
904,120-22-9,就医
905,120-36-5,饮足量温水，催吐
906,120-36-5,就医
907,120-71-8,误服者饮适量温水，催吐；静脉注射美蓝；就医
908,120-80-9,立即给饮植物油15～30ml
909,120-80-9,催吐
910,120-80-9,口服活性炭，导泻
911,120-80-9,就医
912,120-80-9,不能使用石蜡油或酒精
913,120-82-1,饮水，禁止催吐
914,120-82-1,如有不适感，就医
915,120-83-2,用水漱口，给饮牛奶或蛋清
916,120-83-2,就医
917,120-92-3,饮水，禁止催吐
918,120-92-3,如有不适感，就医
919,12001-85-3,饮足量温水，催吐
920,12001-85-3,就医
921,12002-03-8,饮足量温水，催吐
922,12002-03-8,就医
923,12013-55-7,用水漱口，给饮牛奶或蛋清
924,12013-55-7,就医
925,12031-80-0,用水漱口，给饮牛奶或蛋清
926,12031-80-0,就医
927,12037-82-0,饮足量温水，催吐
928,12037-82-0,就医
929,12057-74-8,饮足量温水，催吐
930,12057-74-8,就医
931,12058-85-4,饮足量温水，催吐
932,12058-85-4,就医
933,121-14-2,漱口，饮足量温水
934,121-14-2,就医
935,121-19-7,Induce vomiting. Get medical aid immediately. Wash mouth out with water.
936,121-43-7,饮足量温水，催吐
937,121-43-7,就医
938,121-44-8,漱口，禁止催吐
939,121-44-8,如有不适感，就医
940,121-45-9,用水漱口，给饮牛奶或蛋清
941,121-45-9,就医
942,121-46-0,饮足量温水，催吐
943,121-46-0,就医
944,121-51-7,用水漱口，给饮牛奶或蛋清
945,121-51-7,就医
946,121-57-3,饮足量温水，催吐
947,121-57-3,就医
948,121-69-7,漱口，给服活性炭悬液
949,121-69-7,就医
950,121-73-3,饮足量温水，催吐
951,121-73-3,就医
952,121-75-5,饮足量温水，催吐
953,121-75-5,用1：5000高锰酸钾溶液洗胃
954,121-75-5,口服活性炭，导泻
955,121-75-5,每5min给服一片阿托品，直到感觉口干为止
956,121-75-5,就医
957,121-82-4,饮足量温水，催吐
958,121-82-4,洗胃，导泄
959,121-82-4,就医
960,121-87-9,饮足量温水，催吐
961,121-87-9,洗胃，导泄
962,121-87-9,就医
963,121-88-0,饮足量温水，催吐
964,121-88-0,就医
965,121-90-4,饮足量温水，催吐
966,121-90-4,就医
967,12125-01-8,用水漱口，给饮牛奶或蛋清
968,12125-01-8,就医
969,12125-08-5,饮足量温水，催吐
970,12125-08-5,就医
971,12136-45-7,用水漱口，给饮牛奶或蛋清
972,12136-45-7,可服用生理盐水
973,12136-45-7,就医
974,12165-69-4,饮足量温水，催吐
975,12165-69-4,就医
976,12185-10-3,立即饮0.2%硫酸铜后用手指刺激咽部催吐，可重复几次，直至吐出物无大蒜味为止
977,12185-10-3,此后，每10～15min口服0.2%硫酸铜溶液10ml，连服3次
978,12185-10-3,再口服25%硫酸镁或硫酸钠溶液导泻
979,12185-10-3,禁止饮用植物油和牛奶
980,12185-10-3,就医
981,122-01-0,用水漱口，给饮牛奶或蛋清
982,122-01-0,就医
983,122-04-3,用水漱口，给饮牛奶或蛋清
984,122-04-3,就医
985,122-39-4,饮足量温水，催吐
986,122-39-4,就医
987,122-51-0,饮水，禁止催吐
988,122-51-0,如有不适感，就医
989,122-52-1,饮足量温水，催吐
990,122-52-1,就医
991,122-56-5,饮足量温水，催吐
992,122-56-5,就医
993,122-60-1,饮足量温水，催吐
994,122-60-1,就医
995,122-66-7,漱口
996,122-66-7,就医
997,122-80-5,误服者饮适量温水，催吐；就医
998,12263-85-3,饮足量温水，催吐
999,12263-85-3,就医
1000,123-05-7,饮足量温水，催吐
1001,123-05-7,就医
1002,123-15-9,饮足量温水，催吐
1003,123-15-9,就医
1004,123-19-3,饮足量温水，催吐
1005,123-19-3,就医
1006,123-20-6,饮足量温水，催吐
1007,123-20-6,就医
1008,123-23-9,给饮水
1009,123-23-9,如有不适感，就医
1010,123-30-8,漱口，给服活性炭悬液
1011,123-30-8,就医
1012,123-31-9,立即给饮植物油15～30ml
1013,123-31-9,催吐
1014,123-31-9,口服活性炭，导泻
1015,123-31-9,就医
1016,123-31-9,不能使用石蜡油或酒精
1017,123-38-6,漱口，尽量饮水，禁止催吐
1018,123-38-6,如有不适感，就医
1019,123-42-2,饮足量温水，催吐
1020,123-42-2,就医
1021,123-51-3,漱口，禁止催吐
1022,123-51-3,给服活性炭悬液
1023,123-51-3,如有不适感，就医
1024,123-54-6,饮足量温水，催吐
1025,123-54-6,就医
1026,123-62-6,用水漱口，给饮牛奶或蛋清
1027,123-62-6,就医
1028,123-63-7,饮水，禁止催吐
1029,123-63-7,如有不适感，就医
1030,123-66-0,饮水，禁止催吐
1031,123-66-0,如有不适感，就医
1032,123-72-8,漱口
1033,123-72-8,如有不适感，就医
1034,123-75-1,用水漱口，给饮牛奶或蛋清
1035,123-75-1,就医
1036,123-77-3,饮足量温水，催吐
1037,123-77-3,就医
1038,123-86-4,饮水，禁止催吐
1039,123-86-4,如有不适感，就医
1040,123-88-6,尽快彻底洗胃
1041,123-88-6,给饮牛奶或蛋清
1042,123-88-6,就医
1043,123-91-1,漱口，禁饮含酒精饮料
1044,123-91-1,如有不适感，就医
1045,123-92-2,漱口，饮足量温水，就医
1046,124-02-7,用水漱口，给饮牛奶或蛋清
1047,124-02-7,就医
1048,124-09-4,用水漱口，给饮牛奶或蛋清
1049,124-09-4,就医
1050,124-11-8,饮水，禁止催吐
1051,124-11-8,如有不适感，就医
1052,124-12-9,饮足量温水，催吐
1053,124-12-9,用1:5000高锰酸钾或５％硫代硫酸钠溶液洗胃
1054,124-12-9,就医
1055,124-18-5,漱口，禁止催吐
1056,124-18-5,如有不适感，就医
1057,124-38-9,不会通过该途径接触
1058,124-40-3,不会通过该途径接触
1059,124-41-4,用水漱口，用水漱口，就医
1060,124-43-6,饮足量温水，催吐
1061,124-43-6,就医
1062,124-47-0,饮足量温水，催吐
1063,124-47-0,就医
1064,124-63-0,用水漱口，给饮牛奶或蛋清
1065,124-63-0,禁止催吐
1066,124-63-0,就医
1067,124-65-2,饮足量温水，催吐
1068,124-65-2,洗胃，导泄
1069,124-65-2,就医
1070,124-87-8,饮足量温水，催吐
1071,124-87-8,尽快彻底洗胃
1072,124-87-8,给饮牛奶或蛋清
1073,124-87-8,昏迷者禁食任何东西！就医
1074,12427-38-2,饮足量温水，催吐
1075,12427-38-2,洗胃，导泄
1076,12427-38-2,就医
1077,12504-13-1,饮足量温水，催吐
1078,12504-13-1,就医
1079,12542-85-7,用水漱口，给饮牛奶或蛋清
1080,12542-85-7,就医
1081,126-72-7,饮足量温水，催吐
1082,126-72-7,就医
1083,126-98-7,饮足量温水，催吐
1084,126-98-7,洗胃，导泄
1085,126-98-7,就医
1086,126-99-8,饮水，禁止催吐
1087,126-99-8,如有不适感，就医
1088,127-00-4,饮足量温水，催吐
1089,127-00-4,就医
1090,127-18-4,漱口，饮足量温水，禁止催吐
1091,127-18-4,避免饮牛奶、油类，避免饮酒
1092,127-18-4,就医
1093,127-85-5,饮足量温水，催吐、洗胃、导泻
1094,127-85-5,就医
1095,127-91-3,饮水，禁止催吐
1096,127-91-3,如有不适感，就医
1097,12788-93-1,用水漱口，给饮牛奶或蛋清
1098,12788-93-1,就医
1099,129-66-8,饮足量温水，催吐
1100,129-66-8,就医
1101,129-79-3,用水漱口
1102,129-79-3,就医
1103,1299-86-1,漱口
1104,1299-86-1,就医
1105,1303-28-2,饮足量温水，催吐
1106,1303-28-2,洗胃
1107,1303-28-2,给饮牛奶或蛋清
1108,1303-28-2,就医
1109,1303-39-5,饮足量温水，催吐
1110,1303-39-5,洗胃，导泄
1111,1303-39-5,就医
1112,1304-28-5,饮足量温水，催吐
1113,1304-28-5,用2％～5％硫酸钠溶液洗胃，导泻
1114,1304-28-5,就医
1115,1304-29-6,漱口，禁止催吐
1116,1304-29-6,用2%～5%硫酸钠液洗胃，导泻
1117,1304-29-6,就医
1118,1304-56-9,饮足量温水，催吐
1119,1304-56-9,就医
1120,1305-79-9,饮水，禁止催吐
1121,1305-79-9,如有不适感，就医
1122,1306-19-0,饮足量温水，催吐
1123,1306-19-0,就医
1124,1306-23-6,饮足量温水，催吐
1125,1306-23-6,就医
1126,1306-24-7,饮足量温水，催吐
1127,1306-24-7,就医
1128,1309-60-0,饮足量温水，催吐
1129,1309-60-0,洗胃，导泄
1130,1309-60-0,就医
1131,131-52-2,饮足量温水，催吐
1132,131-52-2,用清水或2％～5％碳酸氢钠溶液洗胃
1133,131-52-2,就医
1134,131-73-7,用水漱口
1135,131-73-7,就医
1136,131-74-8,饮足量温水，催吐
1137,131-74-8,就医
1138,1310-58-3,用水漱口，禁止催吐
1139,1310-58-3,给饮牛奶或蛋清
1140,1310-58-3,就医
1141,1310-73-2,用水漱口，禁止催吐
1142,1310-73-2,给饮牛奶或蛋清
1143,1310-73-2,就医
1144,1310-82-3,用水漱口，给饮牛奶或蛋清
1145,1310-82-3,就医
1146,1312-73-8,用水漱口，给饮牛奶或蛋清
1147,1312-73-8,禁止催吐
1148,1312-73-8,就医
1149,13122-18-4,Seek medical assistance.
1150,1313-60-6,漱口，禁止催吐
1151,1313-60-6,如有不适感，就医
1152,1313-82-2,用水漱口，大量饮水
1153,1313-82-2,禁止催吐
1154,1313-82-2,就医
1155,13138-45-9,饮足量温水，催吐
1156,13138-45-9,就医
1157,1314-12-1,饮足量温水，催吐
1158,1314-12-1,洗胃，导泄
1159,1314-12-1,就医
1160,1314-18-7,饮水，禁止催吐
1161,1314-18-7,如有不适感，就医
1162,1314-22-3,给饮水
1163,1314-22-3,如有不适感，就医
1164,1314-24-5,用水漱口，给饮牛奶或蛋清
1165,1314-24-5,就医
1166,1314-32-5,饮足量温水，催吐
1167,1314-32-5,用1%碘化钾60mL灌胃
1168,1314-32-5,就医
1169,1314-34-7,饮足量温水，催吐
1170,1314-34-7,就医
1171,1314-41-6,饮足量温水，催吐
1172,1314-41-6,就医
1173,1314-56-3,用水漱口，禁止催吐
1174,1314-56-3,忌服油类
1175,1314-56-3,就医
1176,1314-60-9,饮足量温水，催吐
1177,1314-60-9,洗胃
1178,1314-60-9,给饮牛奶或蛋清
1179,1314-60-9,就医
1180,1314-62-1,饮足量温水，催吐
1181,1314-62-1,就医
1182,1314-80-3,漱口
1183,1314-80-3,就医
1184,1314-84-7,切勿催吐！
1185,1315-09-9,饮足量温水，催吐
1186,1315-09-9,就医
1187,1317-36-8,漱口，饮足量温水
1188,1317-36-8,就医
1189,1327-53-3,漱口，催吐
1190,1327-53-3,洗胃
1191,1327-53-3,给饮牛奶或蛋清
1192,1327-53-3,就医
1193,133-14-2,饮足量温水，催吐
1194,133-14-2,就医
1195,1330-20-7,"Do NOT induce vomiting. If victim is conscious and alert, give 2-4 cupfuls of milk or water. Never give anything by mouth to an unconscious person. Possible aspiration hazard. Get medical aid immediately."
1196,1330-78-5,用水漱口
1197,1330-78-5,催吐
1198,1330-78-5,就医
1199,13327-32-7,饮足量温水，催吐
1200,13327-32-7,就医
1201,1333-82-0,漱口，禁止催吐
1202,1333-82-0,用清水或1%硫代硫酸钠溶液洗胃
1203,1333-82-0,给饮牛奶或蛋清
1204,1333-82-0,就医
1205,1333-83-1,用水漱口，给饮牛奶或蛋清
1206,1333-83-1,就医
1207,1335-31-5,饮足量温水，催吐
1208,1335-31-5,用1:5000高锰酸钾或５％硫代硫酸钠溶液洗胃
1209,1335-31-5,就医
1210,1335-88-2,饮足量温水，催吐
1211,1335-88-2,就医
1212,1336-21-6,用水漱口，禁止催吐
1213,1336-21-6,给饮牛奶或蛋清
1214,1336-21-6,就医
1215,1338-23-4,饮足量温水，催吐
1216,1338-23-4,洗胃，导泄
1217,1338-23-4,就医
1218,134-32-7,饮足量温水，催吐
1219,134-32-7,就医
1220,13400-13-0,饮足量温水，催吐
1221,13400-13-0,洗胃
1222,13400-13-0,给饮牛奶或蛋清
1223,13400-13-0,就医
1224,1341-49-7,饮足量温水，催吐
1225,1341-49-7,就医
1226,1344-40-7,饮足量温水，催吐
1227,1344-40-7,洗胃，导泄
1228,1344-40-7,就医
1229,13446-09-8,饮足量温水，催吐
1230,13446-09-8,就医
1231,13446-11-2,饮足量温水，催吐
1232,13446-11-2,就医
1233,13446-48-5,饮足量温水，催吐
1234,13446-48-5,洗胃，导泄
1235,13446-48-5,就医
1236,13446-74-7,饮足量温水，催吐
1237,13446-74-7,洗胃
1238,13446-74-7,给饮牛奶或蛋清
1239,13446-74-7,就医
1240,1345-04-6,饮足量温水，催吐
1241,1345-04-6,就医
1242,13451-08-6,用水漱口，给饮牛奶或蛋清
1243,13451-08-6,就医
1244,13453-30-0,饮足量温水，催吐
1245,13453-30-0,用1%碘化钾60mL灌胃
1246,13453-30-0,就医
1247,13455-24-8,用水漱口，给饮牛奶或蛋清
1248,13455-24-8,就医
1249,13463-39-3,饮足量温水，催吐
1250,13463-39-3,就医
1251,13463-40-6,饮足量温水，催吐
1252,13463-40-6,就医
1253,13465-95-7,饮足量温水，催吐
1254,13465-95-7,用2%～5%硫酸钠溶液洗胃，导泻
1255,13465-95-7,就医
1256,13470-01-4,饮足量温水，催吐
1257,13470-01-4,就医
1258,13477-00-4,饮足量温水，催吐
1259,13477-00-4,用2%～5%硫酸钠溶液洗胃，导泻
1260,13477-00-4,就医
1261,13477-09-3,饮足量温水，催吐
1262,13477-09-3,用2％～5％硫酸钠溶液洗胃，导泻
1263,13477-09-3,就医
1264,13477-36-6,饮足量温水，催吐
1265,13477-36-6,给饮牛奶或蛋清
1266,13477-36-6,就医
1267,13494-98-9,饮足量温水，催吐
1268,13494-98-9,就医
1269,135-01-3,饮水，禁止催吐
1270,135-01-3,就医
1271,135-88-6,用水漱口，如有不适感，就医
1272,135-98-8,饮水，禁止催吐
1273,135-98-8,如有不适感，就医
1274,13548-38-4,用水漱口，给饮牛奶或蛋清
1275,13548-38-4,就医
1276,13597-99-4,漱口
1277,13597-99-4,就医
1278,13598-36-2,用水漱口，给饮牛奶或蛋清
1279,13598-36-2,就医
1280,136-35-6,饮足量温水，催吐
1281,136-35-6,就医
1282,13637-63-3,饮足量温水，催吐
1283,13637-63-3,就医
1284,13637-76-8,饮足量温水，催吐
1285,13637-76-8,就医
1286,13682-73-0,饮足量温水，催吐
1287,13682-73-0,用1:5000高锰酸钾或５％硫代硫酸钠溶液洗胃
1288,13682-73-0,就医
1289,137-06-4,饮足量温水，催吐
1290,137-06-4,就医
1291,137-07-5,饮足量温水，催吐
1292,137-07-5,就医
1293,137-26-8,饮足量温水，催吐
1294,137-26-8,洗胃，导泄
1295,137-26-8,就医
1296,137-30-4,饮足量温水，催吐
1297,137-30-4,就医
1298,137-43-9,饮足量温水，催吐
1299,137-43-9,就医
1300,13718-59-7,饮足量温水，催吐
1301,13718-59-7,就医
1302,13746-89-9,饮足量温水，催吐
1303,13746-89-9,就医
1304,13762-51-1,用水漱口，给饮牛奶或蛋清
1305,13762-51-1,就医
1306,13765-03-2,饮足量温水，催吐
1307,13765-03-2,就医
1308,13770-61-1,饮足量温水，催吐
1309,13770-61-1,就医
1310,13779-41-4,用水漱口，给饮牛奶或蛋清
1311,13779-41-4,就医
1312,13780-03-5,用水漱口，给饮牛奶或蛋清
1313,13780-03-5,就医
1314,13780-06-8,饮足量温水，催吐
1315,13780-06-8,就医
1316,138-86-3,饮水，禁止催吐
1317,138-86-3,如有不适感，就医
1318,138-89-6,饮足量温水，催吐
1319,138-89-6,就医
1320,13814-96-5,用水漱口，给饮牛奶或蛋清
1321,13814-96-5,就医
1322,13863-41-7,不会通过该途径接触
1323,139-02-6,立即给饮植物油15～30ml
1324,139-02-6,催吐
1325,139-02-6,口服活性炭，导泻
1326,139-02-6,就医
1327,139-02-6,不能使用石蜡油或酒精
1328,13952-84-6,用水漱口，给饮牛奶或蛋清
1329,13952-84-6,就医
1330,13967-90-3,饮足量温水，催吐
1331,13967-90-3,用2%～5%硫酸钠溶液洗胃，导泻
1332,13967-90-3,就医
1333,1397-94-0,饮足量温水，催吐
1334,1397-94-0,尽快彻底洗胃
1335,1397-94-0,给饮牛奶或蛋清
1336,1397-94-0,昏迷者禁食任何东西！就医
1337,140-29-4,如患者神志清醒，催吐
1338,140-29-4,洗胃
1339,140-29-4,就医
1340,140-80-7,用水漱口，给饮牛奶或蛋清
1341,140-80-7,就医
1342,140-88-5,饮水，禁止催吐
1343,140-88-5,如有不适感，就医
1344,1402-38-6,饮足量温水，催吐
1345,1402-38-6,尽快彻底洗胃
1346,1402-38-6,给饮牛奶或蛋清
1347,1402-38-6,昏迷者禁食任何东西！就医
1348,141-32-2,饮水，禁止催吐
1349,141-32-2,如有不适感，就医
1350,141-43-5,用水漱口，给饮牛奶或蛋清
1351,141-43-5,就医
1352,141-57-1,用水漱口，给饮牛奶或蛋清
1353,141-57-1,就医
1354,141-66-2,饮足量温水，催吐
1355,141-66-2,用清水或2％～5％碳酸氢钠溶液洗胃
1356,141-66-2,就医
1357,141-75-3,用水漱口，给饮牛奶或蛋清
1358,141-75-3,就医
1359,141-78-6,漱口
1360,141-78-6,就医
1361,141-79-7,饮足量温水，催吐
1362,141-79-7,就医
1363,141-91-3,饮足量温水，催吐
1364,141-91-3,就医
1365,141-93-5,饮水，禁止催吐
1366,141-93-5,就医
1367,142-04-1,饮足量温水，催吐
1368,142-04-1,洗胃，导泄
1369,142-04-1,就医
1370,142-28-9,漱口，禁止催吐
1371,142-28-9,就医
1372,142-29-0,饮水，禁止催吐
1373,142-29-0,如有不适感，就医
1374,142-59-6,饮足量温水，催吐
1375,142-59-6,就医
1376,142-59-6,10日内不要食入脂肪、脂类、油类，禁饮酒
1377,142-61-0,饮足量温水，催吐
1378,142-61-0,就医
1379,142-62-1,饮足量温水，催吐
1380,142-62-1,就医
1381,142-68-7,饮足量温水，催吐
1382,142-68-7,就医
1383,142-82-5,饮水，禁止催吐
1384,142-82-5,如有不适感，就医
1385,142-84-7,用水漱口，给饮牛奶或蛋清
1386,142-84-7,就医
1387,142-92-7,饮足量温水，催吐
1388,142-92-7,就医
1389,142-96-1,饮水，禁止催吐
1390,142-96-1,如有不适感，就医
1391,1420-07-1,饮足量温水，催吐
1392,1420-07-1,洗胃，导泄
1393,1420-07-1,就医
1394,1421-68-7,禁止催吐！如果发生呕吐，将中毒者头部放低避免呕吐物进入肺部！不要给昏迷者喂食任何东西，可以用温水漱口
1395,1421-68-7,就医
1396,14235-86-0,饮足量温水，催吐
1397,14235-86-0,就医
1398,14264-31-4,饮足量温水，催吐
1399,14264-31-4,用1:5000高锰酸钾或５％硫代硫酸钠溶液洗胃
1400,14264-31-4,就医
1401,143-33-9,如患者神志清醒，催吐
1402,143-33-9,洗胃
1403,143-33-9,就医
1404,144-49-0,催吐
1405,144-49-0,2%碳酸氢钠洗胃，硫酸镁导泻
1406,144-49-0,可口服甘油-醋酸酯与水混合物(1∶5)，或同样剂量乙酰胺，乙醇
1407,144-49-0,给饮牛奶或蛋清
1408,144-49-0,就医
1409,1445-45-0,饮足量温水，催吐
1410,1445-45-0,就医
1411,14486-19-2,饮足量温水，催吐
1412,14486-19-2,就医
1413,1450-14-2,饮足量温水，催吐
1414,1450-14-2,就医
1415,14518-94-6,饮足量温水，催吐
1416,14518-94-6,就医
1417,14519-07-4,饮足量温水，催吐
1418,14519-07-4,就医
1419,14519-18-7,饮足量温水，催吐
1420,14519-18-7,就医
1421,1461-22-9,"Never give anything by mouth to an unconscious person. Get medical aid. Do NOT induce vomiting. If conscious and alert, rinse mouth and drink 2-4 cupfuls of milk or water."
1422,1461-25-2,饮足量温水，催吐
1423,1461-25-2,就医
1424,14666-78-5,饮足量温水，催吐
1425,14666-78-5,就医
1426,147-82-0,饮足量温水，催吐
1427,147-82-0,洗胃，导泄
1428,147-82-0,就医
1429,14763-77-0,饮足量温水，催吐
1430,14763-77-0,用1:5000高锰酸钾或５％硫代硫酸钠溶液洗胃
1431,14763-77-0,就医
1432,148-82-3,不要给昏迷者喂食任何东西，可以用温水漱口
1433,148-82-3,就医
1434,149-73-5,饮足量温水，催吐
1435,149-73-5,就医
1436,149-74-6,用水漱口
1437,149-74-6,就医
1438,14977-61-8,用水漱口，禁止催吐
1439,14977-61-8,给饮牛奶或蛋清
1440,14977-61-8,就医
1441,150-46-9,饮足量温水，催吐
1442,150-46-9,就医
1443,151-38-2,饮足量温水，催吐
1444,151-38-2,就医
1445,151-50-8,如患者神志清醒，催吐
1446,151-50-8,洗胃
1447,151-50-8,就医
1448,151-56-4,用水漱口，给饮牛奶或蛋清
1449,151-56-4,就医
1450,15120-17-9,催吐
1451,15120-17-9,洗胃
1452,15120-17-9,给饮牛奶或蛋清
1453,15120-17-9,就医
1454,15120-21-5,用水漱口，给饮牛奶或蛋清
1455,15120-21-5,就医
1456,15168-20-4,饮足量温水，催吐
1457,15168-20-4,就医
1458,15180-03-7,禁止催吐！不要给昏迷者喂食任何东西，可以用温水漱口
1459,15180-03-7,就医
1460,152-16-9,饮足量温水，催吐
1461,152-16-9,用清水或2％～5％碳酸氢钠溶液洗胃
1462,152-16-9,就医
1463,15232-76-5,饮水，禁止催吐
1464,15232-76-5,就医
1465,15271-41-7,不得催吐
1466,15271-41-7,尽快彻底洗胃
1467,15271-41-7,意识清醒者可给饮牛奶或蛋清
1468,15271-41-7,昏迷者禁食任何东西！就医
1469,15520-11-3,Seek medical assistance.
1470,15593-61-0,误服者口服牛奶、豆浆或蛋清；就医
1471,156-43-4,饮足量温水，催吐
1472,156-43-4,就医
1473,1563-66-2,饮足量温水，催吐
1474,1563-66-2,洗胃，导泄
1475,1563-66-2,就医
1476,15630-89-4,"If swallowed, wash out mouth with water, provided that person is conscious."
1477,1569-02-4,饮足量温水，催吐
1478,1569-02-4,就医
1479,1569-69-3,漱口，尽量饮水
1480,1569-69-3,如有不适感，就医
1481,15829-53-5,饮足量温水，催吐
1482,15829-53-5,就医
1483,15879-93-3,饮足量温水，催吐
1484,15879-93-3,洗胃，导泄
1485,15879-93-3,就医
1486,15972-60-8,饮足量温水，催吐
1487,15972-60-8,就医
1488,1600-27-7,饮足量温水，催吐
1489,1600-27-7,洗胃，导泄
1490,1600-27-7,就医
1491,16066-38-9,饮足量温水，催吐
1492,16066-38-9,就医
1493,1609-86-5,用水漱口，给饮牛奶或蛋清
1494,1609-86-5,就医
1495,16111-62-9,饮足量温水，催吐
1496,16111-62-9,就医
1497,1615-80-1,饮足量温水，催吐
1498,1615-80-1,就医
1499,1629-58-9,用水漱口，给饮牛奶或蛋清
1500,1629-58-9,就医
1501,1634-04-4,漱口，给服活性炭悬液
1502,1634-04-4,禁止催吐
1503,1634-04-4,就医
1504,1640-89-7,禁止催吐，口服活性炭
1505,1640-89-7,就医
1506,16454-60-7,饮足量温水，催吐
1507,16454-60-7,就医
1508,1656-44-6,用水漱口，给饮牛奶或蛋清
1509,1656-44-6,就医
1510,1656-48-0,饮足量温水，催吐
1511,1656-48-0,就医
1512,1663-67-8,用水漱口，给饮牛奶或蛋清
1513,1663-67-8,就医
1514,1666-13-3,误服者漱口，饮牛奶或蛋清；就医
1515,16721-80-5,用水漱口，给饮牛奶或蛋清
1516,16721-80-5,就医
1517,16752-77-5,饮足量温水，催吐
1518,16752-77-5,洗胃，导泄
1519,16752-77-5,就医
1520,16774-21-3,饮足量温水，催吐
1521,16774-21-3,就医
1522,1678-91-7,禁止催吐，口服活性炭
1523,1678-91-7,就医
1524,1678-93-9,饮水，禁止催吐
1525,1678-93-9,如有不适感，就医
1526,1679-09-0,饮足量温水，催吐
1527,1679-09-0,就医
1528,16853-85-3,饮足量温水，催吐
1529,16853-85-3,可服用盐水
1530,16853-85-3,就医
1531,16871-71-9,饮足量温水，催吐
1532,16871-71-9,就医
1533,16871-90-2,饮足量温水，催吐
1534,16871-90-2,就医
1535,16872-11-0,用水漱口，禁止催吐
1536,16872-11-0,就医
1537,1689-84-5,饮足量温水，催吐
1538,1689-84-5,用1:5000高锰酸钾或５％硫代硫酸钠溶液洗胃
1539,1689-84-5,就医
1540,16893-85-9,饮足量温水，催吐
1541,16893-85-9,就医
1542,16923-95-8,饮足量温水，催吐
1543,16923-95-8,就医
1544,16924-00-8,饮足量温水，催吐
1545,16924-00-8,就医
1546,1694-92-4,用水漱口，给饮牛奶或蛋清
1547,1694-92-4,就医
1548,16940-66-2,用水漱口，给饮牛奶或蛋清
1549,16940-66-2,就医
1550,16940-81-1,用水漱口，给饮牛奶或蛋清
1551,16940-81-1,就医
1552,16941-12-1,饮足量温水，催吐
1553,16941-12-1,就医
1554,16949-15-8,用水漱口，给饮牛奶或蛋清
1555,16949-15-8,就医
1556,16949-65-8,饮足量温水，催吐
1557,16949-65-8,就医
1558,16961-83-4,用水漱口，禁止引吐
1559,16961-83-4,给饮牛奶或蛋清，口服葡萄糖酸钙或0.15%石灰水
1560,16961-83-4,就医
1561,16962-07-5,饮足量温水，催吐
1562,16962-07-5,就医
1563,17014-71-0,饮水，禁止催吐
1564,17014-71-0,如有不适感，就医
1565,17109-49-8,饮足量温水，催吐
1566,17109-49-8,用清水或2％～5％碳酸氢钠溶液洗胃
1567,17109-49-8,就医
1568,1712-64-7,饮水，禁止催吐
1569,1712-64-7,如有不适感，就医
1570,17125-80-3,饮足量温水，催吐
1571,17125-80-3,就医
1572,1719-53-5,用水漱口，给饮牛奶或蛋清
1573,1719-53-5,就医
1574,17194-00-2,饮足量温水，催吐
1575,17194-00-2,用2%～5%硫酸钠溶液洗胃，导泻
1576,17194-00-2,就医
1577,1721-93-3,误服者饮适量温水，催吐；就医
1578,1738-25-6,饮足量温水，催吐
1579,1738-25-6,就医
1580,1746-01-6,禁止催吐！如果发生呕吐，将中毒者头部放低避免呕吐物进入肺部！不要给昏迷者喂食任何东西，可以用温水漱口
1581,1746-01-6,就医
1582,17639-93-9,饮足量温水，催吐
1583,17639-93-9,就医
1584,17702-41-9,饮足量温水，催吐
1585,17702-41-9,就医
1586,17804-35-2,饮足量温水，催吐
1587,17804-35-2,就医
1588,17861-62-0,饮足量温水，催吐
1589,17861-62-0,就医
1590,1789-58-8,用水漱口，不给任何饮品
1591,1789-58-8,就医
1592,1795-48-8,饮足量温水，催吐
1593,1795-48-8,就医
1594,1809-19-4,用水漱口，给饮牛奶或蛋清
1595,1809-19-4,就医
1596,1825-62-3,饮足量温水，催吐
1597,1825-62-3,就医
1598,1838-59-1,饮足量温水，催吐
1599,1838-59-1,洗胃，导泄
1600,1838-59-1,就医
1601,18810-58-7,饮足量温水，催吐
1602,18810-58-7,用2％～5％硫酸钠溶液洗胃，导泻
1603,18810-58-7,就医
1604,1885-14-9,饮足量温水，催吐
1605,1885-14-9,就医
1606,1907-13-7,饮足量温水，催吐
1607,1907-13-7,洗胃，导泄
1608,1907-13-7,就医
1609,1918-16-7,饮足量温水，催吐
1610,1918-16-7,洗胃，导泄
1611,1918-16-7,就医
1612,19287-45-7,不会通过该途径接触
1613,19398-61-9,饮足量温水，催吐
1614,19398-61-9,就医
1615,1942-45-6,饮足量温水，催吐
1616,1942-45-6,就医
1617,19624-22-7,漱口，催吐
1618,19624-22-7,就医
1619,1983-10-4,误服者饮适量温水，催吐；就医
1620,1989-53-3,用水漱口，给饮牛奶或蛋清
1621,1989-53-3,就医
1622,19910-65-7,饮足量温水，催吐
1623,19910-65-7,就医
1624,20063-92-7,饮足量温水，催吐
1625,20063-92-7,就医
1626,2031-67-6,饮足量温水，催吐
1627,2031-67-6,就医
1628,20324-26-9,饮足量温水，催吐
1629,20324-26-9,尽快彻底洗胃
1630,20324-26-9,给饮牛奶或蛋清
1631,20324-26-9,就医
1632,20325-40-0,饮足量温水，催吐
1633,20325-40-0,就医
1634,2040-95-1,饮水，禁止催吐
1635,2040-95-1,如有不适感，就医
1636,2040-96-2,饮足量温水，催吐
1637,2040-96-2,就医
1638,2045-00-3,饮足量温水，催吐
1639,2045-00-3,就医
1640,2050-60-4,用水漱口
1641,2050-60-4,就医
1642,2050-92-2,用水漱口，禁止催吐
1643,2050-92-2,给饮牛奶或蛋清
1644,2050-92-2,就医
1645,2051-78-7,饮足量温水，催吐
1646,2051-78-7,就医
1647,2052-49-5,用水漱口，给饮牛奶或蛋清
1648,2052-49-5,就医
1649,206-44-0,用水漱口，给饮牛奶或蛋清
1650,206-44-0,就医
1651,20694-39-7,饮足量温水，催吐
1652,20694-39-7,就医
1653,20770-41-6,饮足量温水，催吐
1654,20770-41-6,就医
1655,20816-12-0,饮足量温水，催吐
1656,20816-12-0,就医
1657,20830-75-5,饮足量温水，催吐
1658,20830-75-5,尽快彻底洗胃
1659,20830-75-5,给饮牛奶或蛋清
1660,20830-75-5,昏迷者禁食任何东西！就医
1661,20859-73-8,催吐
1662,20859-73-8,就医
1663,2104-64-5,饮足量温水，催吐
1664,2104-64-5,用清水或2％～5％碳酸氢钠溶液洗胃
1665,2104-64-5,就医
1666,21109-95-5,饮足量温水，催吐
1667,21109-95-5,用2%～5%硫酸钠溶液洗胃，导泻
1668,21109-95-5,就医
1669,2116-65-6,饮足量温水，催吐
1670,2116-65-6,就医
1671,21351-79-1,"Do NOT induce vomiting. Allow the victim to rinse his mouth and then to drink 2-4 cupfuls of water, and seek medical advice."
1672,21609-90-5,饮足量温水，催吐
1673,21609-90-5,用清水或2％～5％碳酸氢钠溶液洗胃
1674,21609-90-5,就医
1675,21908-53-2,用水漱口，给饮牛奶或蛋清
1676,21908-53-2,就医
1677,21923-23-9,误服者饮适量温水，催吐；洗胃；就医；合并使用阿托品及复能剂（氯磷定、解磷定）
1678,2198-23-4,饮足量温水，催吐
1679,2198-23-4,就医
1680,22128-62-7,用水漱口，给饮牛奶或蛋清
1681,22128-62-7,就医
1682,2216-30-0,饮足量温水，催吐
1683,2216-30-0,就医
1684,22224-92-6,饮足量温水，催吐
1685,22224-92-6,洗胃，导泄
1686,22224-92-6,就医
1687,2235-25-8,如伤者神志清醒，催吐，洗胃
1688,2235-25-8,口服活性炭，导泻
1689,2235-25-8,就医
1690,2237-30-1,饮足量温水，催吐
1691,2237-30-1,就医
1692,2238-07-5,饮足量温水，催吐
1693,2238-07-5,就医
1694,2275-18-5,饮足量温水，催吐
1695,2275-18-5,用清水或2％～5％碳酸氢钠溶液洗胃
1696,2275-18-5,就医
1697,2279-76-7,饮足量温水，催吐
1698,2279-76-7,就医
1699,2312-76-7,饮足量温水，催吐
1700,2312-76-7,就医
1701,23135-22-0,饮足量温水，催吐
1702,23135-22-0,洗胃，导泄
1703,23135-22-0,就医
1704,2315-02-8,禁止催吐！如果发生呕吐，将中毒者头部放低避免呕吐物进入肺部！不要给昏迷者喂食任何东西，可以用温水漱口
1705,2315-02-8,就医
1706,23255-69-8,立即用活性炭浆洗胃(清醒时才能洗胃，昏迷者只可用温水漱口)，立即就医
1707,2338-12-7,饮足量温水，催吐
1708,2338-12-7,就医
1709,23414-72-4,饮足量温水，催吐
1710,23414-72-4,就医
1711,2344-80-1,用水漱口，给饮牛奶或蛋清
1712,2344-80-1,就医
1713,23745-86-0,饮足量温水，催吐
1714,23745-86-0,洗胃，导泄
1715,23745-86-0,就医
1716,2385-85-5,饮足量温水，催吐
1717,2385-85-5,洗胃，导泄
1718,2385-85-5,就医
1719,2417-90-5,饮足量温水，催吐
1720,2417-90-5,就医
1721,24279-91-2,饮足量温水，催吐
1722,24279-91-2,尽快彻底洗胃
1723,24279-91-2,给饮牛奶或蛋清
1724,24279-91-2,昏迷者禁食任何东西！就医
1725,24468-13-1,用水漱口，给饮牛奶或蛋清
1726,24468-13-1,就医
1727,2452-99-5,饮足量温水，催吐
1728,2452-99-5,就医
1729,2493-02-9,误服者给饮足量温水，催吐，就医
1730,24934-91-6,饮足量温水，催吐
1731,24934-91-6,用清水或2％～5％碳酸氢钠溶液洗胃
1732,24934-91-6,就医
1733,25109-57-3,误服者漱口，给饮牛奶或蛋清，就医
1734,25155-25-3,"DO NOT INDUCE VOMITING. If the victim is conscious and not convulsing, give 1 or 2 glasses of water to dilute the chemical and IMMEDIATELY call a hospital or poison control center. Be prepared to transport the victim to a hospital if advised by a physician."
1735,2516-33-8,饮足量温水，催吐
1736,2516-33-8,就医
1737,2524-03-0,饮足量温水，催吐
1738,2524-03-0,就医
1739,2524-04-1,饮足量温水，催吐
1740,2524-04-1,就医
1741,25324-56-5,饮足量温水，催吐
1742,25324-56-5,就医
1743,2551-62-4,不会通过该途径接触
1744,25550-55-4,用水漱口
1745,25550-55-4,就医
1746,25659-31-8,饮足量温水，催吐
1747,25659-31-8,就医
1748,2571-22-4,禁止催吐！如果发生呕吐，将中毒者头部放低避免呕吐物进入肺部！不要给昏迷者喂食任何东西，可以用温水漱口
1749,2571-22-4,就医
1750,2588-03-6,不要给昏迷者喂食任何东西，可以用温水漱口
1751,2588-03-6,就医
1752,260-94-6,饮足量温水，催吐
1753,260-94-6,就医
1754,26134-62-3,用水漱口，给饮牛奶或蛋清
1755,26134-62-3,就医
1756,2631-37-0,饮足量温水，催吐
1757,2631-37-0,洗胃，导泄
1758,2631-37-0,就医
1759,2642-71-9,饮足量温水，催吐
1760,2642-71-9,用清水或2％～5％碳酸氢钠溶液洗胃
1761,2642-71-9,就医
1762,26506-47-8,饮足量温水，催吐
1763,26506-47-8,就医
1764,2657-00-3,"Seek medical attention. If individual is drowsy or unconscious, do not give anything by mouth; place individual on the left side with the head down. Contact a physician, medical facility, or poison control center for advice about whether to induce vomiting. If possible, do not leave individual unattended."
1765,26571-79-9,用水漱口，给饮牛奶或蛋清
1766,26571-79-9,就医
1767,26628-22-8,饮足量温水，禁止催吐
1768,26628-22-8,静脉注射20%～50%硫代硫酸钠20～50ml
1769,26628-22-8,就医
1770,26762-93-6,"Mucosal if no respiratory compromise is present, dilute immediately with milk or water; no more than 8 ounces in adults and 4 ounces in children. Gastric ipecac contraindicated. Consider insertion of a small, flexible nasogastric or orogastric tube to suction gastric contents after recent large ingestions; the risk of further mucosal injury must be weighed against potential benefits."
1771,2691-41-0,饮足量温水，催吐
1772,2691-41-0,就医
1773,2696-92-6,不会通过该途径接触
1774,271-89-6,饮足量温水，催吐
1775,271-89-6,就医
1776,27137-85-5,饮足量温水，催吐
1777,27137-85-5,就医
1778,27152-57-4,漱口，催吐
1779,27152-57-4,给服活性炭悬液
1780,27152-57-4,就医
1781,27193-28-8,立即给饮植物油15～30mL
1782,27193-28-8,尽快彻底洗胃
1783,27193-28-8,就医
1784,27215-10-7,用水漱口，给饮牛奶或蛋清
1785,27215-10-7,就医
1786,2738-18-3,饮足量温水，催吐
1787,2738-18-3,就医
1788,2757-18-8,饮足量温水，催吐
1789,2757-18-8,用1%碘化钾60mL灌胃
1790,2757-18-8,洗胃
1791,2757-18-8,就医
1792,27774-13-6,"Do NOT induce vomiting. If victim is conscious and alert, give 2-4 cupfuls of milk or water. Never give anything by mouth to an unconscious person. Get medical aid immediately."
1793,2782-57-2,饮足量温水，催吐
1794,2782-57-2,就医
1795,2809-67-8,饮水，禁止催吐
1796,2809-67-8,就医
1797,286-20-4,饮足量温水，催吐
1798,286-20-4,就医
1799,2867-47-2,饮足量温水，催吐
1800,2867-47-2,就医
1801,287-92-3,漱口，给服活性炭悬液
1802,287-92-3,禁止催吐
1803,287-92-3,如有不适感，就医
1804,28772-56-7,饮足量温水，催吐
1805,28772-56-7,洗胃，导泄
1806,28772-56-7,就医
1807,28930-30-5,饮足量温水，催吐
1808,28930-30-5,就医
1809,28995-89-3,饮足量温水，催吐
1810,28995-89-3,就医
1811,291-64-5,饮水，禁止催吐
1812,291-64-5,如有不适感，就医
1813,292-64-8,饮水，禁止催吐
1814,292-64-8,如有不适感，就医
1815,2937-50-0,用水漱口，给饮牛奶或蛋清
1816,2937-50-0,就医
1817,2941-64-2,用水漱口，给饮牛奶或蛋清
1818,2941-64-2,就医
1819,297-78-9,饮足量温水，催吐
1820,297-78-9,洗胃，导泄
1821,297-78-9,就医
1822,297-97-2,饮足量温水，催吐
1823,297-97-2,用清水或2％～5％碳酸氢钠溶液洗胃
1824,297-97-2,就医
1825,298-00-0,饮足量温水，催吐
1826,298-00-0,用1∶5000高锰酸钾溶液洗胃
1827,298-00-0,口服活性炭，导泻
1828,298-00-0,每5min给服一片阿托品，直到感觉口干为止
1829,298-00-0,就医
1830,298-02-2,饮足量温水，催吐
1831,298-02-2,用1∶5000高锰酸钾溶液洗胃
1832,298-02-2,口服活性炭，导泻
1833,298-02-2,每5min给服一片阿托品，直到感觉口干为止
1834,298-02-2,就医
1835,298-04-4,饮足量温水，催吐
1836,298-04-4,用清水或2％～5％碳酸氢钠溶液洗胃
1837,298-04-4,就医
1838,298-18-0,饮足量温水，催吐
1839,298-18-0,就医
1840,299-45-6,饮足量温水，催吐
1841,299-45-6,用清水或2％～5％碳酸氢钠溶液洗胃
1842,299-45-6,就医
1843,29921-57-1,饮足量温水，催吐
1844,29921-57-1,就医
1845,2999-46-4,饮足量温水，催吐
1846,2999-46-4,就医
1847,2999-74-8,饮足量温水，催吐
1848,2999-74-8,就医
1849,300-76-5,饮足量温水，催吐
1850,300-76-5,用1∶5000高锰酸钾溶液洗胃
1851,300-76-5,口服活性炭，导泻
1852,300-76-5,每5min给服一片阿托品，直到感觉口干为止
1853,300-76-5,就医
1854,3006-82-4,Do not induce vomiting. Seek medical assistance.
1855,3006-86-8,"If victim is conscious and alert, give 2-4 cupfuls of milk or water. Never give anything by mouth to an unconscious person. Get medical aid immediately."
1856,301-10-0,饮足量温水，催吐
1857,301-10-0,就医
1858,3012-37-1,饮足量温水，催吐
1859,3012-37-1,就医
1860,3017-95-6,饮足量温水，催吐
1861,3017-95-6,就医
1862,3018-12-0,如患者神志清醒，催吐
1863,3018-12-0,洗胃
1864,3018-12-0,就医
1865,302-01-2,饮水，禁止催吐
1866,302-01-2,如有不适感，就医
1867,302-27-2,饮足量温水，催吐
1868,302-27-2,尽快彻底洗胃
1869,302-27-2,给饮牛奶或蛋清
1870,302-27-2,昏迷者禁食任何东西！就医
1871,303-04-8,用水漱口，给饮牛奶或蛋清
1872,303-04-8,就医
1873,3034-19-3,饮足量温水，催吐
1874,3034-19-3,就医
1875,30525-89-4,用水漱口，给饮牛奶或蛋清
1876,30525-89-4,就医
1877,3054-95-3,饮足量温水，催吐
1878,3054-95-3,就医
1879,30685-43-9,饮足量温水，催吐
1880,30685-43-9,尽快彻底洗胃
1881,30685-43-9,给饮牛奶或蛋清
1882,30685-43-9,昏迷者禁食任何东西！就医
1883,307-35-7,"Administer milk, calcium gluconate, or calcium lactate to bind fluoride ion in the gastrointestinal tract. Antacids (aluminum and/or magnesium based) should be administered. Iv calcium (gluconate or chloride) and magnesium may be necessary to correct serum deficits of these divalent metals in serious overdosage. Monitor ekg and vital signs."
1884,3087-36-3,饮足量温水，催吐
1885,3087-36-3,就医
1886,3087-37-4,饮足量温水，催吐
1887,3087-37-4,就医
1888,309-00-2,饮足量温水，催吐
1889,309-00-2,洗胃，导泄
1890,309-00-2,就医
1891,311-45-5,禁止催吐！如果发生呕吐，将中毒者头部放低避免呕吐物进入肺部！不要给昏迷者喂食任何东西，可以用温水漱口
1892,311-45-5,就医
1893,3132-64-7,饮足量温水，催吐
1894,3132-64-7,就医
1895,3153-36-4,饮水，禁止催吐
1896,3153-36-4,如有不适感，就医
1897,3165-93-3,饮足量温水，催吐
1898,3165-93-3,就医
1899,3178-22-1,饮足量温水，催吐
1900,3178-22-1,就医
1901,3179-63-3,饮水，禁止催吐
1902,3179-63-3,如有不适感，就医
1903,31876-38-7,禁止催吐！不要给昏迷者喂食任何东西，可以用温水漱口
1904,31876-38-7,就医
1905,3188-13-4,饮水，禁止催吐
1906,3188-13-4,如有不适感，就医
1907,32315-10-9,"If victim is conscious and alert, give 2-4 cupfuls of milk or water. Never give anything by mouth to an unconscious person. Get medical aid."
1908,3254-63-5,不得催吐
1909,3254-63-5,尽快彻底洗胃
1910,3254-63-5,意识清醒者可给饮牛奶或蛋清
1911,3254-63-5,昏迷者禁食任何东西！就医
1912,327-98-0,饮足量温水，催吐
1913,327-98-0,用1:5000高锰酸钾或５％硫代硫酸钠溶液洗胃
1914,327-98-0,就医
1915,32749-94-3,饮足量温水，催吐
1916,32749-94-3,就医
1917,3282-30-2,用水漱口，给饮牛奶或蛋清
1918,3282-30-2,就医
1919,329-01-1,用水漱口，给饮牛奶或蛋清
1920,329-01-1,就医
1921,334-88-3,不会通过该途径接触
1922,34018-28-5,饮足量温水，催吐
1923,34018-28-5,就医
1924,348-51-6,"Never give anything by mouth to an unconscious person. Get medical aid immediately. Do NOT induce vomiting. If conscious and alert, rinse mouth and drink 2-4 cupfuls of milk or water."
1925,348-54-9,饮足量温水，催吐
1926,348-54-9,就医
1927,3497-00-5,用水漱口，给饮牛奶或蛋清
1928,352-32-9,饮水，禁止催吐
1929,352-32-9,如有不适感，就医
1930,352-33-0,饮足量温水，催吐
1931,352-33-0,就医
1932,352-70-5,饮足量温水，催吐
1933,352-70-5,就医
1934,352-93-2,饮水，禁止催吐
1935,352-93-2,如有不适感，就医
1936,3522-94-9,饮水，禁止催吐
1937,3522-94-9,如有不适感，就医
1938,35223-80-4,用水漱口
1939,35223-80-4,就医
1940,353-36-6,不会经该途径进入
1941,35523-89-8,饮足量温水，催吐
1942,35523-89-8,尽快彻底洗胃
1943,35523-89-8,给饮牛奶或蛋清
1944,35523-89-8,昏迷者禁食任何东西！就医
1945,357-57-3,饮足量温水，催吐
1946,357-57-3,尽快彻底洗胃
1947,357-57-3,给饮牛奶或蛋清
1948,357-57-3,昏迷者禁食任何东西！就医
1949,36355-01-8,饮足量温水，催吐
1950,36355-01-8,就医
1951,3638-73-1,饮足量温水，催吐
1952,3638-73-1,就医
1953,367-11-3,饮水
1954,367-11-3,如有不适感，就医
1955,3689-24-5,饮足量温水，催吐
1956,3689-24-5,用清水或2％～5％碳酸氢钠溶液洗胃
1957,3689-24-5,就医
1958,371-40-4,饮足量温水，催吐
1959,371-40-4,就医
1960,3710-30-3,饮足量温水，催吐
1961,3710-30-3,就医
1962,372-09-8,如患者神志清醒，催吐
1963,372-09-8,洗胃
1964,372-09-8,就医
1965,372-18-9,饮足量温水
1966,372-18-9,就医
1967,372-19-0,饮足量温水，催吐
1968,372-19-0,就医
1969,37203-43-3,饮足量温水，催吐
1970,37203-43-3,尽快彻底洗胃
1971,37203-43-3,给饮牛奶或蛋清
1972,37203-43-3,昏迷者禁食任何东西！就医
1973,375-22-4,用水漱口，给饮牛奶或蛋清
1974,375-22-4,就医
1975,3811-04-9,饮足量温水，催吐
1976,3811-04-9,就医
1977,383-63-1,用水漱口，给饮牛奶或蛋清
1978,383-63-1,就医
1979,3851-87-4,饮足量温水，催吐
1980,3851-87-4,就医
1981,3926-62-3,用水漱口，给饮牛奶或蛋清
1982,3926-62-3,就医
1983,3982-91-0,用水漱口
1984,3982-91-0,禁止催吐
1985,3982-91-0,就医
1986,407-25-0,用水漱口，给饮牛奶或蛋清
1987,407-25-0,就医
1988,4098-71-9,饮足量温水，催吐
1989,4098-71-9,就医
1990,41083-11-8,饮足量温水，催吐
1991,41083-11-8,就医
1992,4109-96-0,不会通过该途径接触
1993,4170-30-3,漱口，饮足量温水
1994,4170-30-3,就医
1995,420-46-2,不会通过该途径接触
1996,421-50-1,饮足量温水，催吐
1997,421-50-1,就医
1998,431-03-8,饮足量温水，催吐
1999,431-03-8,就医
2000,4316-42-1,Seek medical assistance.
2001,4351-54-6,饮足量温水，催吐
2002,4351-54-6,就医
2003,4435-53-4,饮足量温水，催吐
2004,4435-53-4,就医
2005,4484-72-4,用水漱口，给饮牛奶或蛋清
2006,4484-72-4,就医
2007,459-72-3,饮足量温水，催吐
2008,459-72-3,就医
2009,462-06-6,饮水，禁止催吐
2010,462-06-6,如有不适感，就医
2011,462-08-8,饮足量温水，催吐
2012,462-08-8,就医
2013,462-94-2,用水漱口，给饮牛奶或蛋清
2014,462-94-2,就医
2015,462-95-3,饮足量温水，催吐
2016,462-95-3,就医
2017,463-04-7,饮足量温水，催吐
2018,463-04-7,就医
2019,463-49-0,不会通过该途径接触
2020,463-71-8,用水漱口，给饮牛奶或蛋清
2021,463-71-8,就医
2022,463-82-1,不会通过该途径接触
2023,464-06-2,饮足量温水，催吐
2024,464-06-2,就医
2025,470-82-6,饮足量温水，催吐
2026,470-82-6,就医
2027,471-25-0,饮足量温水，催吐
2028,471-25-0,就医
2029,4733-50-0,饮足量温水，催吐
2030,4733-50-0,就医
2031,4786-20-3,饮足量温水，催吐
2032,4786-20-3,洗胃，导泄
2033,4786-20-3,就医
2034,479-45-8,用水漱口
2035,479-45-8,就医
2036,4795-29-3,饮足量温水，催吐
2037,4795-29-3,就医
2038,4824-78-6,饮足量温水，催吐
2039,4824-78-6,用清水或2％～5％碳酸氢钠溶液洗胃
2040,4824-78-6,就医
2041,485-31-4,饮足量温水，催吐
2042,485-31-4,洗胃，导泄
2043,485-31-4,就医
2044,489-98-5,用水漱口
2045,489-98-5,就医
2046,491-35-0,饮足量温水，催吐
2047,491-35-0,就医
2048,496-74-2,用水漱口，给饮牛奶或蛋清
2049,496-74-2,就医
2050,50-00-0,口服牛奶、醋酸胺水溶液
2051,50-00-0,催吐，用稀氨水溶液洗胃
2052,50-00-0,就医
2053,50-07-7,立即用活性炭浆洗胃(清醒时才能洗胃，昏迷者只可用温水漱口)，立即就医
2054,50-29-3,饮足量温水，催吐
2055,50-29-3,洗胃，导泄
2056,50-29-3,就医
2057,50-76-0,饮足量温水，催吐
2058,50-76-0,尽快彻底洗胃
2059,50-76-0,给饮牛奶或蛋清
2060,50-76-0,昏迷者禁食任何东西！就医
2061,501-53-1,用水漱口，给饮牛奶或蛋清
2062,501-53-1,就医
2063,502-39-6,饮足量温水，催吐
2064,502-39-6,尽快彻底洗胃
2065,502-39-6,给饮牛奶或蛋清
2066,502-39-6,昏迷者禁食任何东西！就医
2067,502-42-1,饮水，禁止催吐
2068,502-42-1,如有不适感，就医
2069,5026-76-6,饮足量温水，催吐
2070,5026-76-6,就医
2071,503-17-3,饮水，禁止催吐
2072,503-17-3,如有不适感，就医
2073,503-38-8,饮足量温水，催吐
2074,503-38-8,就医
2075,504-24-5,用水漱口，催吐
2076,504-24-5,给饮牛奶或蛋清
2077,504-24-5,就医
2078,504-29-0,饮足量温水，催吐
2079,504-29-0,就医
2080,504-60-9,漱口，尽量饮水，禁止催吐
2081,504-60-9,如有不适感，就医
2082,506-61-6,饮足量温水，催吐
2083,506-61-6,用1:5000高锰酸钾或５％硫代硫酸钠溶液洗胃
2084,506-61-6,就医
2085,506-64-9,如患者神志清醒，催吐
2086,506-64-9,洗胃
2087,506-64-9,就医
2088,506-68-3,如患者神志清醒，催吐
2089,506-68-3,洗胃
2090,506-68-3,就医
2091,506-77-4,漱口，给服活性炭悬液，禁止催吐
2092,506-77-4,如患者神志清醒，催吐
2093,506-77-4,洗胃
2094,506-77-4,就医
2095,506-78-5,饮足量温水，催吐
2096,506-78-5,用1:5000高锰酸钾或５％硫代硫酸钠溶液洗胃
2097,506-78-5,就医
2098,506-93-4,饮足量温水，催吐
2099,506-93-4,就医
2100,507-02-8,用水漱口，给饮牛奶或蛋清
2101,507-02-8,就医
2102,507-09-5,饮水，禁止催吐
2103,507-09-5,如有不适感，就医
2104,507-20-0,饮足量温水，催吐
2105,507-20-0,就医
2106,507-60-8,饮足量温水，催吐
2107,507-60-8,尽快彻底洗胃
2108,507-60-8,给饮牛奶或蛋清
2109,507-60-8,昏迷者禁食任何东西！就医
2110,507-70-0,饮足量温水，催吐
2111,507-70-0,就医
2112,509-14-8,饮足量温水
2113,509-14-8,就医
2114,51-18-3,饮足量温水，催吐
2115,51-18-3,就医
2116,51-28-5,饮足量温水，催吐
2117,51-28-5,就医
2118,51-43-4,禁止催吐！不要给昏迷者喂食任何东西，可以用温水漱口
2119,51-43-4,就医
2120,51-75-2,饮足量温水，催吐
2121,51-75-2,就医
2122,51-83-2,禁止催吐！不要给昏迷者喂食任何东西，可以用温水漱口
2123,51-83-2,就医
2124,510-15-6,饮足量温水，催吐
2125,510-15-6,洗胃，导泄
2126,510-15-6,就医
2127,5117-16-8,饮足量温水，催吐
2128,5117-16-8,洗胃，导泄
2129,5117-16-8,就医
2130,513-35-9,饮水，禁止催吐
2131,513-35-9,如有不适感，就医
2132,513-36-0,饮足量温水，催吐
2133,513-36-0,就医
2134,513-38-2,饮水，禁止催吐
2135,513-38-2,如有不适感，就医
2136,513-42-8,饮足量温水，催吐
2137,513-42-8,就医
2138,513-44-0,饮水，禁止催吐
2139,513-44-0,如有不适感，就医
2140,513-48-4,饮足量温水，催吐
2141,513-48-4,就医
2142,513-53-1,饮足量温水，催吐
2143,513-53-1,就医
2144,513-86-0,饮足量温水，催吐
2145,513-86-0,就医
2146,519-44-8,饮足量温水，催吐
2147,519-44-8,就医
2148,52-68-6,饮足量温水，催吐
2149,52-68-6,用1∶5000高锰酸钾溶液洗胃
2150,52-68-6,口服活性炭，导泻
2151,52-68-6,每5min给服一片阿托品，直到感觉口干为止
2152,52-68-6,就医
2153,52-85-7,禁止催吐！如果发生呕吐，将中毒者头部放低避免呕吐物进入肺部！不要给昏迷者喂食任何东西，可以用温水漱口
2154,52-85-7,就医
2155,52315-07-8,饮足量温水，催吐
2156,52315-07-8,洗胃，导泄
2157,52315-07-8,就医
2158,526-73-8,饮水，禁止催吐
2159,526-73-8,如有不适感，就医
2160,526-73-8,饮酒增加本品毒性
2161,526-75-0,尽快彻底洗胃
2162,526-75-0,给饮牛奶或蛋清
2163,526-75-0,就医
2164,527-69-5,饮足量温水，催吐
2165,527-69-5,就医
2166,528-29-0,漱口，给服活性炭悬液
2167,528-29-0,就医
2168,5283-66-9,用水漱口，给饮牛奶或蛋清
2169,5283-66-9,就医
2170,5283-67-0,用水漱口，给饮牛奶或蛋清
2171,5283-67-0,就医
2172,529-19-1,饮足量温水，催吐
2173,529-19-1,就医
2174,5292-43-3,用水漱口，给饮牛奶或蛋清
2175,5292-43-3,就医
2176,532-27-4,饮足量温水，催吐
2177,532-27-4,就医
2178,532-28-5,饮足量温水，催吐
2179,532-28-5,用1:5000高锰酸钾或５％硫代硫酸钠溶液洗胃
2180,532-28-5,就医
2181,5329-14-6,用水漱口，禁止催吐
2182,5329-14-6,给饮牛奶或蛋清
2183,5329-14-6,就医
2184,534-07-6,饮足量温水，催吐
2185,534-07-6,就医
2186,534-15-6,饮足量温水，催吐
2187,534-15-6,就医
2188,534-22-5,饮足量温水，催吐
2189,534-22-5,就医
2190,534-52-1,饮足量温水，催吐
2191,534-52-1,就医
2192,5345-54-0,饮足量温水，催吐
2193,5345-54-0,就医
2194,535-13-7,用水漱口，给饮牛奶或蛋清
2195,535-13-7,就医
2196,536-74-3,饮水，禁止催吐
2197,536-74-3,如有不适感，就医
2198,536-75-4,饮足量温水，催吐
2199,536-75-4,就医
2200,536-78-7,饮足量温水，催吐
2201,536-78-7,就医
2202,536-90-3,饮足量温水，催吐
2203,536-90-3,洗胃，导泄
2204,536-90-3,就医
2205,538-08-9,饮足量温水，催吐
2206,538-08-9,就医
2207,539-82-2,饮水，禁止催吐
2208,539-82-2,如有不适感，就医
2209,54-11-5,饮足量温水，催吐
2210,54-11-5,洗胃，导泄
2211,54-11-5,就医
2212,540-18-1,饮水，禁止催吐
2213,540-18-1,如有不适感，就医
2214,540-36-3,饮足量温水，催吐
2215,540-36-3,就医
2216,540-38-5,用水漱口，给饮牛奶或蛋清
2217,540-38-5,就医
2218,540-42-1,漱口，尽量饮水
2219,540-42-1,如有不适感，就医
2220,540-51-2,用水漱口，给饮牛奶或蛋清
2221,540-51-2,就医
2222,540-54-5,饮水，禁止催吐
2223,540-54-5,如有不适感，就医
2224,540-59-0,漱口，尽量饮水
2225,540-59-0,就医
2226,540-67-0,不会通过该途径接触
2227,540-73-8,漱口
2228,540-73-8,如有不适感，就医
2229,540-84-1,饮水，禁止催吐
2230,540-84-1,如有不适感，就医
2231,540-88-5,漱口
2232,540-88-5,就医
2233,5405-53-8,饮足量温水，催吐
2234,5405-53-8,就医
2235,541-31-1,饮水，禁止催吐
2236,541-31-1,如有不适感，就医
2237,541-41-3,漱口，禁止催吐
2238,541-41-3,给饮牛奶或蛋清
2239,541-41-3,就医
2240,541-42-4,饮足量温水，催吐
2241,541-42-4,就医
2242,541-73-1,漱口
2243,541-73-1,就医
2244,541-73-1,避免饮酒精
2245,541-88-8,用水漱口，给饮牛奶或蛋清
2246,541-88-8,就医
2247,5419-55-6,饮足量温水，催吐
2248,5419-55-6,就医
2249,542-54-1,饮足量温水，催吐
2250,542-54-1,用1:5000高锰酸钾或５％硫代硫酸钠溶液洗胃
2251,542-54-1,就医
2252,542-55-2,饮水，禁止催吐
2253,542-55-2,如有不适感，就医
2254,542-56-3,饮足量温水，催吐
2255,542-56-3,就医
2256,542-62-1,如患者神志清醒，催吐
2257,542-62-1,洗胃
2258,542-62-1,就医
2259,542-69-8,饮水，禁止催吐
2260,542-69-8,如有不适感，就医
2261,542-69-8,避免饮牛奶、油类，避免饮酒精
2262,542-75-6,用水漱口，给饮牛奶或蛋清
2263,542-75-6,就医
2264,542-76-7,如患者神志清醒，催吐
2265,542-76-7,洗胃
2266,542-76-7,就医
2267,542-88-1,漱口，禁止催吐
2268,542-88-1,就医
2269,542-90-5,如患者神志清醒，催吐
2270,542-90-5,洗胃
2271,542-90-5,就医
2272,542-92-7,漱口
2273,542-92-7,如有不适感，就医
2274,543-20-4,用水漱口，给饮牛奶或蛋清
2275,543-20-4,就医
2276,543-27-1,漱口，尽量饮水，禁止催吐
2277,543-27-1,给饮牛奶或蛋清
2278,543-27-1,就医
2279,543-59-9,饮足量温水，催吐
2280,543-59-9,就医
2281,543-67-9,饮足量温水，催吐
2282,543-67-9,就医
2283,543-80-6,饮足量温水，催吐
2284,543-80-6,用2％～5％硫酸钠溶液洗胃，导泻
2285,543-80-6,就医
2286,543-81-7,饮足量温水，催吐
2287,543-81-7,就医
2288,544-01-4,饮水，禁止催吐
2289,544-01-4,如有不适感，就医
2290,544-10-5,饮水，禁止催吐
2291,544-10-5,如有不适感，就医
2292,544-13-8,如患者神志清醒，催吐，给服活性炭悬液
2293,544-13-8,就医
2294,544-16-1,饮足量温水，催吐
2295,544-16-1,就医
2296,544-25-2,饮足量温水，催吐
2297,544-25-2,就医
2298,544-92-3,如患者神志清醒，催吐
2299,544-92-3,洗胃
2300,544-92-3,就医
2301,544-97-8,饮足量温水，催吐
2302,544-97-8,就医
2303,545-06-2,如患者神志清醒，催吐
2304,545-06-2,洗胃
2305,545-06-2,就医
2306,545-55-1,禁止催吐！如果发生呕吐，将中毒者头部放低避免呕吐物进入肺部！不要给昏迷者喂食任何东西，可以用温水漱口
2307,545-55-1,就医
2308,546-68-9,饮足量温水，催吐
2309,546-68-9,就医
2310,547-63-7,饮足量温水，催吐
2311,547-63-7,就医
2312,547-64-8,饮水，禁止催吐
2313,547-64-8,如有不适感，就医
2314,55-38-9,饮足量温水，催吐
2315,55-38-9,用清水或2％～5％碳酸氢钠溶液洗胃
2316,55-38-9,就医
2317,55-63-0,漱口，催吐
2318,55-63-0,给服活性炭悬液
2319,55-63-0,导泻
2320,55-63-0,就医
2321,55-68-5,饮足量温水，催吐
2322,55-68-5,就医
2323,55-91-4,饮足量温水，催吐
2324,55-91-4,洗胃，导泄
2325,55-91-4,就医
2326,551-06-4,饮足量温水，催吐
2327,551-06-4,就医
2328,552-46-5,饮足量温水，催吐
2329,552-46-5,就医
2330,553-90-2,饮水，禁止催吐
2331,553-90-2,就医
2332,554-00-7,漱口，饮足量温水
2333,554-00-7,就医
2334,554-12-1,漱口，尽量饮水
2335,554-12-1,如有不适感，就医
2336,554-84-7,立即给饮植物油15～30ml
2337,554-84-7,催吐
2338,554-84-7,口服活性炭，导泻
2339,554-84-7,就医
2340,554-84-7,不能使用石蜡油或酒精
2341,555-03-3,饮足量温水，催吐
2342,555-03-3,就医
2343,555-21-5,饮足量温水，催吐
2344,555-21-5,就医
2345,556-24-1,饮足量温水，催吐
2346,556-24-1,就医
2347,556-56-9,用水漱口，给饮牛奶或蛋清
2348,556-56-9,就医
2349,556-61-6,用水漱口，给饮牛奶或蛋清
2350,556-61-6,就医
2351,556-64-9,如患者神志清醒，催吐
2352,556-64-9,洗胃
2353,556-64-9,就医
2354,556-88-7,饮足量温水，催吐
2355,556-88-7,就医
2356,557-17-5,饮足量温水，催吐
2357,557-17-5,洗胃，导泄
2358,557-17-5,就医
2359,557-18-6,饮足量温水，催吐
2360,557-18-6,就医
2361,557-19-7,饮足量温水，催吐
2362,557-19-7,用1:5000高锰酸钾或５％硫代硫酸钠溶液洗胃
2363,557-19-7,就医
2364,557-20-0,用水漱口，给饮牛奶或蛋清
2365,557-20-0,就医
2366,557-21-1,如患者神志清醒，催吐
2367,557-21-1,洗胃
2368,557-21-1,就医
2369,557-31-3,饮足量温水，催吐
2370,557-31-3,就医
2371,557-40-4,饮足量温水，催吐
2372,557-40-4,就医
2373,557-98-2,漱口，给服活性炭悬液
2374,557-98-2,尽量饮水
2375,557-98-2,如有不适感，就医
2376,558-13-4,漱口
2377,558-13-4,就医
2378,558-17-8,饮水，禁止催吐
2379,558-17-8,就医
2380,558-25-8,禁止催吐！不要给昏迷者喂食任何东西，可以用温水漱口
2381,558-25-8,就医
2382,56-18-8,用水漱口，给饮牛奶或蛋清
2383,56-18-8,就医
2384,56-23-5,漱口，饮足量温水
2385,56-23-5,就医
2386,56-35-9,"Never give anything by mouth to an unconscious person. Get medical aid. Do NOT induce vomiting. If conscious and alert, rinse mouth and drink 2-4 cupfuls of milk or water."
2387,56-38-2,饮足量温水，催吐
2388,56-38-2,用1∶5000高锰酸钾溶液洗胃
2389,56-38-2,口服活性炭，导泻
2390,56-38-2,每5min给服一片阿托品，直到感觉口干为止
2391,56-38-2,就医
2392,56-72-4,饮足量温水，催吐
2393,56-72-4,用清水或2％～5％碳酸氢钠溶液洗胃
2394,56-72-4,就医
2395,56073-10-0,饮足量温水，催吐
2396,56073-10-0,洗胃，导泄
2397,56073-10-0,就医
2398,562-49-2,饮水，禁止催吐
2399,562-49-2,如有不适感，就医
2400,5628-99-9,禁止催吐！不要给昏迷者喂食任何东西，可以用温水漱口
2401,5628-99-9,就医
2402,563-12-2,饮足量温水，催吐
2403,563-12-2,用1∶5000高锰酸钾溶液洗胃
2404,563-12-2,口服活性炭，导泻
2405,563-12-2,每5min给服一片阿托品，直到感觉口干为止
2406,563-12-2,就医
2407,563-45-1,饮足量温水，催吐
2408,563-45-1,就医
2409,563-46-2,饮水，禁止催吐
2410,563-46-2,如有不适感，就医
2411,563-47-3,用水漱口，给饮牛奶或蛋清
2412,563-47-3,就医
2413,563-52-0,饮足量温水，催吐
2414,563-52-0,就医
2415,563-54-2,用水漱口，给饮牛奶或蛋清
2416,563-54-2,就医
2417,563-68-8,饮足量温水，催吐
2418,563-68-8,用1%碘化钾60mL灌胃
2419,563-68-8,就医
2420,563-76-8,用水漱口，给饮牛奶或蛋清
2421,563-76-8,就医
2422,563-78-0,饮足量温水，催吐
2423,563-78-0,就医
2424,563-79-1,饮足量温水，催吐
2425,563-79-1,就医
2426,563-80-4,漱口
2427,563-80-4,如有不适感，就医
2428,564-02-3,饮水，禁止催吐
2429,564-02-3,如有不适感，就医
2430,565-59-3,饮水，禁止催吐
2431,565-59-3,如有不适感，就医
2432,565-61-7,饮足量温水，催吐
2433,565-61-7,就医
2434,565-67-3,饮足量温水，催吐
2435,565-67-3,就医
2436,565-69-5,饮足量温水，催吐
2437,565-69-5,就医
2438,565-75-3,饮水，禁止催吐
2439,565-75-3,如有不适感，就医
2440,565-80-0,饮足量温水，催吐
2441,565-80-0,就医
2442,57-06-7,用水漱口，催吐
2443,57-06-7,就医
2444,57-14-7,漱口
2445,57-14-7,就医
2446,57-24-9,饮足量温水，催吐
2447,57-24-9,洗胃，导泄
2448,57-24-9,就医
2449,57-39-6,饮足量温水，催吐
2450,57-39-6,用清水或2％～5％碳酸氢钠溶液洗胃
2451,57-39-6,就医
2452,57-52-3,饮足量温水，催吐
2453,57-52-3,洗胃，导泄
2454,57-52-3,就医
2455,57-74-9,饮足量温水，催吐
2456,57-74-9,洗胃，导泄
2457,57-74-9,就医
2458,57-94-3,饮足量温水，催吐
2459,57-94-3,用1%碘化钾60mL灌胃
2460,57-94-3,就医
2461,576-23-8,饮足量温水，催吐
2462,576-23-8,就医
2463,576-24-9,误服者口服牛奶、豆浆或蛋清，就医
2464,576-26-1,尽快彻底洗胃
2465,576-26-1,给饮牛奶或蛋清
2466,576-26-1,就医
2467,577-19-5,饮足量温水，催吐
2468,577-19-5,就医
2469,578-54-1,饮足量温水，催吐
2470,578-54-1,就医
2471,58-89-9,饮足量温水，催吐
2472,58-89-9,洗胃，导泄
2473,58-89-9,就医
2474,58-90-2,饮足量温水，催吐
2475,58-90-2,就医
2476,580-17-6,饮足量温水，催吐
2477,580-17-6,就医
2478,581-64-6,禁止催吐！如果发生呕吐，将中毒者头部放低避免呕吐物进入肺部！不要给昏迷者喂食任何东西，可以用温水漱口
2479,581-64-6,就医
2480,581-89-5,漱口，给服活性炭悬液
2481,581-89-5,如有不适感，就医
2482,58164-88-8,饮足量温水，催吐
2483,58164-88-8,就医
2484,583-15-3,饮足量温水，催吐
2485,583-15-3,就医
2486,583-53-9,饮足量温水，催吐
2487,583-53-9,就医
2488,583-58-4,饮足量温水，催吐
2489,583-58-4,就医
2490,583-71-1,饮足量温水，催吐
2491,583-71-1,就医
2492,583-78-8,饮足量温水，催吐
2493,583-78-8,就医
2494,5836-29-3,饮足量温水，催吐
2495,5836-29-3,洗胃，导泄
2496,5836-29-3,就医
2497,584-48-5,用水漱口，给饮牛奶或蛋清
2498,584-48-5,就医
2499,584-84-9,用水漱口，给饮牛奶或蛋清
2500,584-84-9,就医
2501,584-94-1,饮水，禁止催吐
2502,584-94-1,如有不适感，就医
2503,585-79-5,饮足量温水，催吐
2504,585-79-5,洗胃，导泄
2505,585-79-5,就医
2506,586-62-9,饮足量温水，催吐
2507,586-62-9,就医
2508,586-75-4,用水漱口，给饮牛奶或蛋清
2509,586-75-4,就医
2510,586-78-7,饮足量温水，催吐
2511,586-78-7,就医
2512,587-85-9,如患者神志清醒，催吐，洗胃
2513,587-85-9,口服活性炭，导泻
2514,587-85-9,就医
2515,589-38-8,饮水，禁止催吐
2516,589-38-8,如有不适感，就医
2517,589-43-5,饮水，禁止催吐
2518,589-43-5,如有不适感，就医
2519,589-53-7,饮足量温水，催吐
2520,589-53-7,就医
2521,589-90-2,饮足量温水，催吐
2522,589-90-2,就医
2523,589-93-5,饮足量温水，催吐
2524,589-93-5,就医
2525,5894-60-0,用水漱口，给饮牛奶或蛋清
2526,5894-60-0,就医
2527,59-50-7,用水漱口，给饮牛奶或蛋清
2528,59-50-7,就医
2529,59-85-8,饮足量温水，催吐
2530,59-85-8,就医
2531,590-01-2,饮水，禁止催吐
2532,590-01-2,如有不适感，就医
2533,590-35-2,饮水，禁止催吐
2534,590-35-2,如有不适感，就医
2535,590-36-3,饮足量温水，催吐
2536,590-36-3,就医
2537,590-66-9,饮水，禁止催吐
2538,590-66-9,如有不适感，就医
2539,590-73-8,饮水，禁止催吐
2540,590-73-8,如有不适感，就医
2541,590-86-3,饮水，禁止催吐
2542,590-86-3,如有不适感，就医
2543,590-92-1,用水漱口，给饮牛奶或蛋清
2544,590-92-1,就医
2545,591-17-3,饮足量温水，催吐
2546,591-17-3,就医
2547,591-19-5,误服者饮适量温水，催吐；就医；静脉注射美蓝
2548,591-20-8,用水漱口，给饮牛奶或蛋清
2549,591-20-8,就医
2550,591-22-0,饮水，禁止催吐
2551,591-22-0,如有不适感，就医
2552,591-27-5,漱口，给服活性炭悬液
2553,591-27-5,就医
2554,591-47-9,饮足量温水，催吐
2555,591-47-9,就医
2556,591-76-4,漱口，禁止催吐
2557,591-76-4,就医
2558,591-78-6,饮足量温水，催吐
2559,591-78-6,就医
2560,591-87-7,饮足量温水，催吐
2561,591-87-7,就医
2562,591-89-9,饮足量温水，催吐
2563,591-89-9,用1:5000高锰酸钾或５％硫代硫酸钠溶液洗胃
2564,591-89-9,就医
2565,591-93-5,漱口，尽量饮水，禁止催吐
2566,591-93-5,如有不适感，就医
2567,591-97-9,用水漱口，给饮牛奶或蛋清
2568,591-97-9,就医
2569,592-01-8,如患者神志清醒，催吐
2570,592-01-8,洗胃
2571,592-01-8,就医
2572,592-04-1,如患者神志清醒，催吐
2573,592-04-1,洗胃
2574,592-04-1,就医
2575,592-05-2,饮足量温水，催吐
2576,592-05-2,用1:5000高锰酸钾或５％硫代硫酸钠溶液洗胃
2577,592-05-2,就医
2578,592-27-8,饮足量温水，催吐
2579,592-27-8,洗胃，导泄
2580,592-27-8,就医
2581,592-34-7,饮水，禁止催吐
2582,592-34-7,给饮牛奶或蛋清
2583,592-34-7,就医
2584,592-41-6,饮水，禁止催吐
2585,592-41-6,如有不适感，就医
2586,592-42-7,饮水，禁止催吐
2587,592-42-7,如有不适感，就医
2588,592-43-8,饮足量温水，催吐
2589,592-43-8,就医
2590,592-45-0,饮水，禁止催吐
2591,592-45-0,如有不适感，就医
2592,592-46-1,饮足量温水，催吐
2593,592-46-1,就医
2594,592-48-3,饮足量温水，催吐
2595,592-48-3,就医
2596,592-55-2,饮足量温水，催吐
2597,592-55-2,就医
2598,592-57-4,饮水，禁止催吐
2599,592-57-4,如有不适感，就医
2600,592-76-7,饮水，禁止催吐
2601,592-76-7,如有不适感，就医
2602,592-77-8,禁止催吐，口服活性炭，洗胃
2603,592-77-8,避免饮牛奶、油类，避免饮酒精
2604,592-77-8,就医
2605,592-78-9,饮水，禁止催吐
2606,592-78-9,如有不适感，就医
2607,592-84-7,漱口，禁止催吐
2608,592-84-7,如有不适感，就医
2609,592-85-8,用水漱口，给饮牛奶或蛋清
2610,592-85-8,就医
2611,592-88-1,用水漱口，给饮牛奶或蛋清
2612,592-88-1,就医
2613,593-53-3,不会经该途径进入
2614,593-60-2,饮足量温水
2615,593-60-2,就医
2616,594-36-5,饮足量温水，催吐
2617,594-36-5,就医
2618,594-42-3,用水漱口，给饮牛奶或蛋清
2619,594-42-3,就医
2620,594-68-3,饮足量温水，催吐
2621,594-68-3,就医
2622,594-72-9,饮足量温水，催吐
2623,594-72-9,就医
2624,595-90-4,饮足量温水，催吐
2625,595-90-4,就医
2626,597-64-8,误服者饮适量温水，催吐；就医；防治脑水肿
2627,598-14-1,饮足量温水，催吐
2628,598-14-1,就医
2629,598-16-3,饮足量温水，催吐
2630,598-16-3,就医
2631,598-22-1,用水漱口，给饮牛奶或蛋清
2632,598-22-1,就医
2633,598-31-2,漱口，饮足量温水
2634,598-31-2,就医
2635,598-72-1,用水漱口，给饮牛奶或蛋清
2636,598-72-1,就医
2637,598-73-2,饮足量温水，催吐
2638,598-73-2,就医
2639,598-75-4,饮足量温水，催吐
2640,598-75-4,就医
2641,598-78-7,用水漱口，给饮牛奶或蛋清
2642,598-78-7,就医
2643,598-98-1,饮足量温水，催吐
2644,598-98-1,就医
2645,598-99-2,饮足量温水，催吐
2646,598-99-2,就医
2647,60-24-2,饮足量温水，催吐
2648,60-24-2,就医
2649,60-29-7,饮水，禁止催吐
2650,60-29-7,如有不适感，就医
2651,60-34-4,漱口，饮足量温水，禁止催吐
2652,60-34-4,就医
2653,60-57-1,如患者神志清醒，催吐，洗胃
2654,60-57-1,口服活性炭，导泻
2655,60-57-1,避免饮牛奶、油类，避免饮酒
2656,60-57-1,就医
2657,600-00-0,用水漱口，给饮牛奶或蛋清
2658,600-00-0,就医
2659,600-25-9,饮足量温水，催吐
2660,600-25-9,就医
2661,602-87-9,饮足量温水，催吐
2662,602-87-9,就医
2663,602-99-3,饮足量温水，催吐
2664,602-99-3,就医
2665,603-35-0,饮足量温水，催吐
2666,603-35-0,就医
2667,6032-29-7,饮水，禁止催吐
2668,6032-29-7,如有不适感，就医
2669,605-69-6,饮足量温水，催吐
2670,605-69-6,就医
2671,605-71-0,饮足量温水，催吐
2672,605-71-0,洗胃，导泄
2673,605-71-0,就医
2674,606-20-2,饮足量温水，催吐
2675,606-20-2,洗胃，导泄
2676,606-20-2,就医
2677,606-22-4,饮足量温水，催吐
2678,606-22-4,就医
2679,608-27-5,漱口，饮足量温水
2680,608-27-5,就医
2681,608-31-1,饮足量温水，催吐
2682,608-31-1,就医
2683,608-73-1,Seek medical assistance.
2684,609-26-7,饮足量温水，催吐
2685,609-26-7,就医
2686,609-73-4,饮足量温水，催吐
2687,609-73-4,就医
2688,610-14-0,用水漱口，给饮牛奶或蛋清
2689,610-14-0,就医
2690,610-67-3,饮足量温水，催吐
2691,610-67-3,就医
2692,611-32-5,饮足量温水，催吐
2693,611-32-5,就医
2694,6117-91-5,饮足量温水，催吐
2695,6117-91-5,就医
2696,612-22-6,饮足量温水，催吐
2697,612-22-6,如有不适感，就医
2698,612-23-7,饮足量温水，催吐
2699,612-23-7,就医
2700,612-60-2,饮足量温水，催吐
2701,612-60-2,就医
2702,612-82-8,"If victim is conscious and alert, give 2-4 cupfuls of milk or water. Never give anything by mouth to an unconscious person. Get medical aid immediately."
2703,612-83-9,饮足量温水，催吐
2704,612-83-9,就医
2705,6125-21-9,饮足量温水，催吐
2706,6125-21-9,就医
2707,613-48-9,饮足量温水，催吐
2708,613-48-9,洗胃，导泄
2709,613-48-9,就医
2710,614-45-9,饮足量温水，催吐
2711,614-45-9,就医
2712,615-36-1,饮足量温水，催吐
2713,615-36-1,就医
2714,615-50-9,饮足量温水，催吐
2715,615-50-9,就医
2716,615-57-6,饮足量温水，催吐
2717,615-57-6,就医
2718,615-74-7,用水漱口，给饮牛奶或蛋清
2719,615-74-7,就医
2720,616-38-6,漱口
2721,616-38-6,如有不适感，就医
2722,616-44-4,饮足量温水，催吐
2723,616-44-4,就医
2724,616-45-5,饮足量温水，催吐
2725,616-45-5,就医
2726,6164-98-3,饮足量温水，催吐
2727,6164-98-3,洗胃
2728,6164-98-3,口服活性炭，导泻
2729,6164-98-3,就医
2730,6164-98-3,(本品如以烃类溶剂配制，就不能催吐
2731,6164-98-3,)
2732,617-83-4,饮足量温水，催吐
2733,617-83-4,就医
2734,617-85-6,漱口，禁止催吐
2735,617-85-6,如有不适感，就医
2736,617-89-0,饮足量温水，催吐
2737,617-89-0,就医
2738,61789-51-3,饮足量温水，催吐
2739,61789-51-3,就医
2740,618-45-1,饮足量温水，催吐
2741,618-45-1,就医
2742,618-87-1,饮足量温水，催吐
2743,618-87-1,就医
2744,619-23-8,饮足量温水，催吐
2745,619-23-8,就医
2746,619-31-8,饮足量温水，催吐
2747,619-31-8,就医
2748,619-65-8,饮足量温水，催吐
2749,619-65-8,就医
2750,619-80-7,饮足量温水，催吐
2751,619-80-7,就医
2752,62-38-4,饮足量温水，催吐
2753,62-38-4,洗胃，导泄
2754,62-38-4,就医
2755,62-53-3,饮足量温水，催吐
2756,62-53-3,就医
2757,62-56-6,饮足量温水，催吐
2758,62-56-6,就医
2759,62-73-7,饮足量温水，催吐
2760,62-73-7,用1∶5000高锰酸钾溶液洗胃
2761,62-73-7,口服活性炭，导泻
2762,62-73-7,每5min给服一片阿托品，直到感觉口干为止
2763,62-73-7,就医
2764,62-74-8,饮足量温水，催吐
2765,62-74-8,洗胃，导泄
2766,62-74-8,就医
2767,62-75-9,饮足量温水，催吐
2768,62-75-9,洗胃，导泄
2769,62-75-9,就医
2770,620-22-4,"Do NOT induce vomiting. If conscious and alert, rinse mouth and drink 2-4 cupfuls of milk or water."
2771,621-33-0,"Never give anything by mouth to an unconscious person. Get medical aid immediately. Do NOT induce vomiting. If conscious and alert, rinse mouth and drink 2-4 cupfuls of milk or water."
2772,622-44-6,饮足量温水，催吐
2773,622-44-6,就医
2774,622-45-7,饮足量温水，催吐
2775,622-45-7,就医
2776,622-97-9,饮水，禁止催吐
2777,622-97-9,如有不适感，就医
2778,623-37-0,饮足量温水，催吐
2779,623-37-0,就医
2780,623-42-7,饮水，禁止催吐
2781,623-42-7,如有不适感，就医
2782,623-43-8,饮足量温水，催吐
2783,623-43-8,就医
2784,623-46-1,"If swallowed, wash out mouth with water provided person is conscious. Call a physician."
2785,623-48-3,饮足量温水，催吐
2786,623-48-3,就医
2787,623-70-1,饮足量温水，催吐
2788,623-70-1,洗胃，导泄
2789,623-70-1,就医
2790,623-71-2,用水漱口，给饮牛奶或蛋清
2791,623-71-2,就医
2792,623-73-4,饮足量温水，催吐
2793,623-73-4,就医
2794,623-96-1,饮水，禁止催吐
2795,623-96-1,如有不适感，就医
2796,624-24-8,饮足量温水，催吐
2797,624-24-8,就医
2798,624-54-4,漱口，尽量饮水
2799,624-54-4,如有不适感，就医
2800,624-83-9,用水漱口，给饮牛奶或蛋清
2801,624-83-9,禁止催吐
2802,624-83-9,就医
2803,624-91-9,不会通过该途径接触
2804,624-92-0,饮足量温水，催吐
2805,624-92-0,洗胃，导泄
2806,624-92-0,就医
2807,625-27-4,饮足量温水，催吐
2808,625-27-4,就医
2809,625-28-5,如患者神志清醒，催吐
2810,625-28-5,洗胃
2811,625-28-5,就医
2812,625-55-8,饮足量温水，催吐
2813,625-55-8,就医
2814,625-59-2,如患者神志清醒，催吐
2815,625-59-2,洗胃
2816,625-59-2,就医
2817,625-86-5,饮足量温水，催吐
2818,625-86-5,就医
2819,625-98-9,饮足量温水，催吐
2820,625-98-9,就医
2821,626-56-2,饮足量温水，催吐
2822,626-56-2,就医
2823,626-58-4,饮足量温水，催吐
2824,626-58-4,就医
2825,626-67-5,饮足量温水，催吐
2826,626-67-5,就医
2827,626-93-7,漱口
2828,626-93-7,就医
2829,627-05-4,饮水，禁止催吐
2830,627-05-4,如有不适感，就医
2831,627-13-4,饮水，禁止催吐
2832,627-13-4,如有不适感，就医
2833,627-19-0,饮水，禁止催吐
2834,627-19-0,如有不适感，就医
2835,627-30-5,饮足量温水，催吐
2836,627-30-5,就医
2837,627-44-1,饮足量温水，催吐
2838,627-44-1,洗胃，导泄
2839,627-44-1,就医
2840,627-63-4,用水漱口，给饮牛奶或蛋清
2841,627-63-4,就医
2842,628-17-1,饮水，禁止催吐
2843,628-17-1,如有不适感，就医
2844,628-17-1,避免饮牛奶、油类，避免饮酒
2845,628-28-4,饮水，禁止催吐
2846,628-28-4,如有不适感，就医
2847,628-32-0,饮足量温水，催吐
2848,628-32-0,就医
2849,628-41-1,饮水，禁止催吐
2850,628-41-1,如有不适感，就医
2851,628-63-7,漱口，尽量饮水
2852,628-63-7,如有不适感，就医
2853,628-71-7,饮水，禁止催吐
2854,628-71-7,如有不适感，就医
2855,628-73-9,如患者神志清醒，催吐
2856,628-73-9,洗胃
2857,628-73-9,就医
2858,628-76-2,饮水，禁止催吐
2859,628-76-2,如有不适感，就医
2860,628-92-2,饮足量温水，催吐
2861,628-92-2,就医
2862,629-05-0,饮水，禁止催吐
2863,629-05-0,如有不适感，就医
2864,629-14-1,饮足量温水，催吐
2865,629-14-1,就医
2866,629-20-9,饮水，禁止催吐
2867,629-20-9,如有不适感，就医
2868,629-33-4,饮水，禁止催吐
2869,629-33-4,如有不适感，就医
2870,629-40-3,饮足量温水，催吐
2871,629-40-3,就医
2872,6290-49-9,"Never give anything by mouth to an unconscious person. Get medical aid immediately. Do NOT induce vomiting. If conscious and alert, rinse mouth and drink 2-4 cupfuls of milk or water."
2873,630-08-0,不会通过该途径接触
2874,6303-21-5,用水漱口，给饮牛奶或蛋清
2875,6303-21-5,就医
2876,631-60-7,饮足量温水，催吐
2877,631-60-7,就医
2878,632-21-3,饮足量温水，催吐
2879,632-21-3,就医
2880,634-66-2,漱口
2881,634-66-2,就医
2882,634-90-2,漱口
2883,634-90-2,就医
2884,634-93-5,饮水，禁止催吐
2885,634-93-5,如有不适感，就医
2886,636-30-6,饮水，禁止催吐
2887,636-30-6,如有不适感，就医
2888,636-98-6,饮足量温水，催吐
2889,636-98-6,就医
2890,638-11-9,饮水，禁止催吐
2891,638-11-9,如有不适感，就医
2892,638-49-3,饮水，禁止催吐
2893,638-49-3,如有不适感，就医
2894,64-00-6,不要给昏迷者喂食任何东西，可以用温水漱口
2895,64-00-6,就医
2896,64-17-5,漱口
2897,64-17-5,就医
2898,64-18-6,用水漱口，给饮牛奶或蛋清
2899,64-18-6,禁止催吐
2900,64-18-6,就医
2901,64-19-7,用水漱口，给饮牛奶或蛋清
2902,64-19-7,就医
2903,64-67-5,用水漱口，不给任何饮品
2904,64-67-5,禁止催吐
2905,64-67-5,就医
2906,64-69-7,用水漱口，给饮牛奶或蛋清
2907,64-69-7,就医
2908,640-15-3,饮足量温水，催吐
2909,640-15-3,用清水或2％～5％碳酸氢钠溶液洗胃
2910,640-15-3,就医
2911,640-19-7,饮足量温水，催吐
2912,640-19-7,洗胃，导泄
2913,640-19-7,就医
2914,64013-16-7,用水漱口，给饮牛奶或蛋清
2915,64013-16-7,就医
2916,644-31-5,饮足量温水，催吐
2917,644-31-5,就医
2918,644-49-5,饮水，禁止催吐
2919,644-49-5,如有不适感，就医
2920,644-97-3,饮足量温水，催吐
2921,644-97-3,就医
2922,645-00-1,饮足量温水，催吐
2923,645-00-1,就医
2924,646-06-0,饮水，禁止催吐
2925,646-06-0,如有不适感，就医
2926,646-20-8,饮足量温水，催吐
2927,646-20-8,就医
2928,6484-52-2,漱口
2929,6484-52-2,就医
2930,65-30-5,饮足量温水，催吐
2931,65-30-5,就医
2932,6533-73-9,饮足量温水，催吐
2933,6533-73-9,用1%碘化钾60mL灌胃
2934,6533-73-9,就医
2935,65996-93-2,尽快彻底洗胃
2936,65996-93-2,就医
2937,67-56-1,催吐
2938,67-56-1,2%碳酸氢钠洗胃，硫酸镁导泻
2939,67-56-1,就医
2940,67-63-0,饮水，禁止催吐
2941,67-63-0,如有不适感，就医
2942,67-64-1,饮水，禁止催吐
2943,67-64-1,如有不适感，就医
2944,67-66-3,饮足量温水，催吐
2945,67-66-3,就医
2946,67-66-3,饮酒增加毒性
2947,67-72-1,漱口，口服活性炭，洗胃
2948,67-72-1,就医
2949,670-54-2,饮足量温水，催吐
2950,670-54-2,就医
2951,6731-36-8,"If swallowed, do not induce vomiting. Seek medical assistance."
2952,674-82-8,漱口，禁止催吐
2953,674-82-8,如有不适感，就医
2954,68-11-1,用水漱口，禁止催吐
2955,68-11-1,尽量饮水
2956,68-11-1,给饮牛奶或蛋清
2957,68-11-1,就医
2958,68-12-2,饮足量温水，催吐
2959,68-12-2,就医
2960,681-84-5,饮水，禁止催吐
2961,681-84-5,如有不适感，就医
2962,683-18-1,"Do NOT induce vomiting. If victim is conscious and alert, give 2-4 cupfuls of milk or water. Never give anything by mouth to an unconscious person. Get medical aid immediately."
2963,68476-85-7,不会通过该途径接触
2964,688-73-3,"If victim is conscious and alert, give 2-4 cupfuls of milk or water. Never give anything by mouth to an unconscious person. Get medical aid."
2965,68848-64-6,饮足量温水，催吐
2966,68848-64-6,就医
2967,691-37-2,饮足量温水，催吐
2968,691-37-2,就医
2969,693-02-7,饮水，禁止催吐
2970,693-02-7,如有不适感，就医
2971,693-21-0,饮足量温水，催吐
2972,693-21-0,洗胃，导泄
2973,693-21-0,就医
2974,693-89-0,饮足量温水，催吐
2975,693-89-0,就医
2976,694-05-3,饮水，禁止催吐
2977,694-05-3,如有不适感，就医
2978,694-83-7,用水漱口，给饮牛奶或蛋清
2979,694-83-7,就医
2980,696-28-6,饮足量温水，催吐
2981,696-28-6,尽快彻底洗胃
2982,696-28-6,给饮牛奶或蛋清
2983,696-28-6,就医
2984,70-11-1,用水漱口，给饮牛奶或蛋清
2985,70-11-1,就医
2986,70-30-4,饮足量温水，催吐
2987,70-30-4,就医
2988,70-34-8,给饮水，催吐
2989,70-34-8,就医
2990,7087-68-5,饮足量温水，催吐
2991,7087-68-5,就医
2992,71-23-8,饮水，禁止催吐
2993,71-23-8,如有不适感，就医
2994,71-36-3,饮足量温水，禁止催吐
2995,71-36-3,就医
2996,71-41-0,用水漱口，禁止催吐
2997,71-41-0,就医
2998,71-43-2,饮水，禁止催吐
2999,71-43-2,如有不适感，就医
3000,71-55-6,漱口，催吐
3001,71-55-6,给服活性炭悬液
3002,71-55-6,就医
3003,712-48-1,饮足量温水，催吐
3004,712-48-1,就医
3005,7154-66-7,用水漱口，给饮牛奶或蛋清
3006,7154-66-7,就医
3007,72-20-8,饮足量温水，催吐
3008,72-20-8,洗胃，导泄
3009,72-20-8,就医
3010,722-27-0,饮足量温水，催吐
3011,722-27-0,洗胃，导泄
3012,722-27-0,就医
3013,732-11-6,饮足量温水，催吐
3014,732-11-6,用清水或2％～5％碳酸氢钠溶液洗胃
3015,732-11-6,就医
3016,74-82-8,不会通过该途径接触
3017,74-83-9,不会通过该途径接触
3018,74-84-0,不会通过该途径接触
3019,74-85-1,不会通过该途径接触
3020,74-86-2,不会通过该途径接触
3021,74-87-3,不会通过该途径接触
3022,74-88-4,饮水，催吐
3023,74-88-4,给服活性炭悬液
3024,74-88-4,如有不适感，就医
3025,74-88-4,避免饮牛奶、油类，避免饮酒
3026,74-89-5,漱口，饮水
3027,74-89-5,不要催吐
3028,74-89-5,就医
3029,74-90-8,漱口，禁止催吐
3030,74-90-8,勿用口对口人工呼吸
3031,74-90-8,吸氧
3032,74-90-8,就医
3033,74-93-1,不会通过该途径接触
3034,74-95-3,漱口，禁止催吐
3035,74-95-3,避免饮牛奶、油类，避免饮酒精
3036,74-95-3,就医
3037,74-96-4,饮足量温水，催吐
3038,74-96-4,就医
3039,74-97-5,禁止催吐
3040,74-97-5,就医
3041,74-98-6,不会通过该途径接触
3042,7429-90-5,漱口
3043,7429-90-5,就医
3044,7439-93-2,用水漱口
3045,7439-93-2,就医
3046,7439-95-4,漱口
3047,7439-95-4,就医
3048,7439-96-5,饮足量温水，催吐
3049,7439-96-5,就医
3050,7440-00-8,饮足量温水，催吐
3051,7440-00-8,就医
3052,7440-01-9,不会通过该途径接触
3053,7440-09-7,用水漱口，给饮牛奶或蛋清
3054,7440-09-7,就医
3055,7440-17-7,漱口
3056,7440-17-7,就医
3057,7440-21-3,漱口
3058,7440-23-5,用水漱口，给饮牛奶或蛋清
3059,7440-23-5,就医
3060,7440-24-6,用水漱口，就医
3061,7440-28-0,如患者神志清醒，催吐，洗胃
3062,7440-28-0,用1%碘化钠或1%碘化钾溶液洗胃效果更佳
3063,7440-28-0,口服牛奶、淀粉膏、氢氧化铝凝胶、次碳酸铋
3064,7440-28-0,口服活性炭悬液，用硫酸钠、硫酸镁或蓖麻油导泻
3065,7440-28-0,就医
3066,7440-32-6,饮足量温水，催吐
3067,7440-32-6,就医
3068,7440-36-0,饮足量温水，催吐
3069,7440-36-0,洗胃
3070,7440-36-0,就医
3071,7440-37-1,不会通过该途径接触
3072,7440-38-2,饮足量温水，催吐
3073,7440-38-2,洗胃
3074,7440-38-2,给饮牛奶或蛋清
3075,7440-38-2,就医
3076,7440-39-3,饮足量温水，催吐
3077,7440-39-3,用2%～5%硫酸钠溶液洗胃，导泻
3078,7440-39-3,就医
3079,7440-41-7,漱口，禁止催吐
3080,7440-41-7,就医
3081,7440-43-9,饮足量温水，催吐
3082,7440-43-9,洗胃，导泄
3083,7440-43-9,就医
3084,7440-45-1,饮足量温水，催吐
3085,7440-45-1,就医
3086,7440-46-2,饮水
3087,7440-46-2,如有不适感，就医
3088,7440-58-6,饮足量温水，催吐
3089,7440-58-6,就医
3090,7440-59-7,不会通过该途径接触
3091,7440-63-3,不会通过该途径接触
3092,7440-66-6,漱口
3093,7440-66-6,就医
3094,7440-67-7,用水漱口，就医
3095,7440-70-2,用水漱口，就医
3096,7446-08-4,误服者立即漱口，给饮大量温水，催吐，就医
3097,7446-09-5,不会通过该途径接触
3098,7446-11-9,用水漱口，给饮牛奶或蛋清
3099,7446-11-9,就医
3100,7446-14-2,饮足量温水，催吐
3101,7446-14-2,就医
3102,7446-18-6,饮足量温水，催吐
3103,7446-18-6,用1%碘化钾60mL灌胃
3104,7446-18-6,就医
3105,7446-70-0,用水漱口，给饮牛奶或蛋清
3106,7446-70-0,就医
3107,7487-94-7,如患者神志清醒，催吐，洗胃
3108,7487-94-7,口服活性炭，导泻
3109,7487-94-7,就医
3110,7488-56-4,饮足量温水，催吐
3111,7488-56-4,就医
3112,75-00-3,不会通过该途径接触
3113,75-01-4,不会通过该途径接触
3114,75-02-5,不会经该途径进入
3115,75-03-6,禁止催吐，口服活性炭，洗胃
3116,75-03-6,避免饮牛奶、油类，避免饮酒
3117,75-03-6,就医
3118,75-04-7,用水漱口，给饮牛奶或蛋清
3119,75-04-7,禁止催吐
3120,75-04-7,就医
3121,75-05-8,如患者神志清醒，催吐
3122,75-05-8,洗胃
3123,75-05-8,就医
3124,75-07-0,漱口，尽量饮水
3125,75-07-0,如有不适感，就医
3126,75-08-1,饮足量温水，催吐
3127,75-08-1,就医
3128,75-09-2,用水漱口
3129,75-09-2,禁止催吐，尽量饮水
3130,75-09-2,就医
3131,75-11-6,饮足量温水，催吐
3132,75-11-6,就医
3133,75-11-6,避免饮牛奶、油类，避免饮酒
3134,75-15-0,不给任何饮品，是否催吐须遵医嘱
3135,75-15-0,就医
3136,75-16-1,饮足量温水，催吐
3137,75-16-1,就医
3138,75-18-3,漱口，催吐
3139,75-18-3,尽量饮水
3140,75-18-3,如有不适感，就医
3141,75-19-4,不会通过该途径接触
3142,75-20-7,漱口，禁止催吐
3143,75-20-7,就医
3144,75-21-8,不会通过该途径接触
3145,75-23-0,用水漱口，给饮牛奶或蛋清
3146,75-23-0,就医
3147,75-25-2,漱口
3148,75-25-2,就医
3149,75-26-3,饮水，禁止催吐
3150,75-26-3,如有不适感，就医
3151,75-28-5,不会通过该途径接触
3152,75-29-6,饮水，禁止催吐
3153,75-29-6,如有不适感，就医
3154,75-30-9,饮足量温水，催吐
3155,75-30-9,就医
3156,75-31-0,漱口，尽量饮水，禁止催吐
3157,75-31-0,就医
3158,75-33-2,饮足量温水，催吐
3159,75-33-2,就医
3160,75-34-3,漱口
3161,75-34-3,如有不适感，就医
3162,75-35-4,饮水，禁止催吐
3163,75-35-4,如有不适感，就医
3164,75-36-5,漱口，禁止催吐
3165,75-36-5,不给任何饮品
3166,75-36-5,就医
3167,75-37-6,不会通过该途径接触
3168,75-38-7,不会通过该途径接触
3169,75-43-4,不会通过该途径接触
3170,75-44-5,不会通过该途径接触
3171,75-45-6,不会通过该途径接触
3172,75-46-7,不会通过该途径接触
3173,75-47-8,饮水，禁止催吐
3174,75-47-8,给饮牛奶或蛋清
3175,75-47-8,就医
3176,75-50-3,不会通过该途径接触
3177,75-52-5,就医
3178,75-54-7,漱口，不给任何饮品
3179,75-54-7,禁止催吐
3180,75-54-7,如有不适感，就医
3181,75-55-8,饮足量温水，催吐
3182,75-55-8,就医
3183,75-56-9,用水漱口，给饮牛奶或蛋清
3184,75-56-9,就医
3185,75-60-5,饮足量温水，催吐
3186,75-60-5,洗胃，导泄
3187,75-60-5,就医
3188,75-61-6,饮足量温水，催吐
3189,75-61-6,就医
3190,75-64-9,饮水，禁止催吐
3191,75-64-9,如有不适感，就医
3192,75-65-0,饮足量温水，催吐
3193,75-65-0,就医
3194,75-66-1,漱口
3195,75-66-1,如有不适感，就医
3196,75-68-3,不会通过该途径接触
3197,75-69-4,不会通过该途径接触
3198,75-71-8,不会通过该途径接触
3199,75-72-9,不会通过该途径接触
3200,75-73-0,不会通过该途径接触
3201,75-74-1,饮足量温水，催吐
3202,75-74-1,洗胃，导泄
3203,75-74-1,就医
3204,75-75-2,用水漱口，给饮牛奶或蛋清
3205,75-75-2,就医
3206,75-76-3,饮水，禁止催吐
3207,75-76-3,如有不适感，就医
3208,75-77-4,漱口，禁止催吐
3209,75-77-4,不给任何饮品
3210,75-77-4,如有不适感，就医
3211,75-78-5,漱口，不给任何饮品，禁止催吐
3212,75-78-5,如有不适感，就医
3213,75-79-6,漱口，不给任何饮品
3214,75-79-6,禁止催吐
3215,75-79-6,如有不适感，就医
3216,75-83-2,饮水，禁止催吐
3217,75-83-2,如有不适感，就医
3218,75-85-4,饮足量温水，催吐
3219,75-85-4,就医
3220,75-86-5,用1:5000高锰酸钾或５％硫代硫酸钠溶液洗胃
3221,75-86-5,就医
3222,75-87-6,饮足量温水，催吐
3223,75-87-6,就医
3224,75-88-7,不会通过该途径接触
3225,75-89-8,用水漱口
3226,75-89-8,就医
3227,75-91-2,漱口，禁止催吐
3228,75-91-2,给饮牛奶或蛋清
3229,75-91-2,如有不适感，就医
3230,75-94-5,用水漱口，不给任何饮品
3231,75-94-5,就医
3232,75-96-7,用水漱口，给饮牛奶或蛋清
3233,75-96-7,就医
3234,75-97-8,饮水，禁止催吐
3235,75-97-8,如有不适感，就医
3236,7521-80-4,用水漱口，给饮牛奶或蛋清
3237,7521-80-4,就医
3238,7550-45-0,用水漱口，禁止催吐
3239,7550-45-0,就医
3240,757-58-4,饮足量温水，催吐
3241,757-58-4,用清水或2％～5％碳酸氢钠溶液洗胃
3242,757-58-4,就医
3243,7578-36-1,用水漱口，给饮牛奶或蛋清
3244,7578-36-1,就医
3245,12136-45-7,用水漱口，给饮牛奶或蛋清
3246,12136-45-7,可服用生理盐水
3247,12136-45-7,就医
3248,76-01-7,漱口，禁止催吐
3249,76-01-7,就医
3250,76-01-7,饮酒增高本品毒性
3251,76-02-8,用水漱口，给饮牛奶或蛋清
3252,76-02-8,就医
3253,76-03-9,用水漱口，禁止催吐
3254,76-03-9,尽量饮水
3255,76-03-9,给饮牛奶或蛋清
3256,76-03-9,就医
3257,76-05-1,用水漱口，给饮牛奶或蛋清
3258,76-05-1,就医
3259,76-06-2,漱口，饮足量温水
3260,76-06-2,就医
3261,76-13-1,饮足量温水，催吐
3262,76-13-1,就医
3263,76-14-2,不会通过该途径接触
3264,76-15-3,不会通过该途径接触
3265,76-44-8,饮足量温水，催吐
3266,76-44-8,就医
3267,76-86-8,用水漱口，给饮牛奶或蛋清
3268,76-87-9,饮足量温水，催吐
3269,76-87-9,洗胃，导泄
3270,76-87-9,就医
3271,760-20-3,饮足量温水，催吐
3272,760-20-3,就医
3273,760-21-4,饮足量温水，催吐
3274,760-21-4,就医
3275,7601-89-0,用水漱口，给饮牛奶或蛋清
3276,7601-89-0,就医
3277,7601-90-3,漱口，禁止催吐
3278,7601-90-3,给饮牛奶或蛋清
3279,7601-90-3,如有不适感，就医
3280,7616-94-6,饮足量温水，催吐
3281,7616-94-6,就医
3282,763-29-1,饮足量温水，催吐
3283,763-29-1,就医
3284,7631-90-5,饮足量温水，催吐
3285,7631-90-5,就医
3286,7631-99-4,漱口
3287,7631-99-4,就医
3288,7632-00-0,饮足量温水，催吐
3289,7632-00-0,就医
3290,7637-07-2,不会通过该途径接触
3291,764-13-6,饮足量温水，催吐
3292,764-13-6,就医
3293,764-35-2,饮足量温水，催吐
3294,764-35-2,就医
3295,764-41-0,饮足量温水，催吐
3296,764-41-0,就医
3297,7645-25-2,漱口，催吐
3298,7645-25-2,就医
3299,7646-69-7,用水漱口，给饮牛奶或蛋清
3300,7646-69-7,就医
3301,7646-78-8,用水漱口，禁止催吐
3302,7646-78-8,给饮牛奶或蛋清
3303,7646-78-8,就医
3304,7646-79-9,饮足量温水，催吐
3305,7646-79-9,洗胃，导泄
3306,7646-79-9,就医
3307,7646-85-7,用水漱口，给饮牛奶或蛋清
3308,7646-85-7,就医
3309,7646-93-7,用水漱口，给饮牛奶或蛋清
3310,7646-93-7,就医
3311,7647-01-0,用水漱口，给饮牛奶或蛋清
3312,7647-01-0,就医
3313,7647-18-9,用水漱口，给饮牛奶或蛋清
3314,7647-18-9,就医
3315,7647-19-0,不会通过该途径接触
3316,765-34-4,饮足量温水，催吐
3317,765-34-4,就医
3318,766-09-6,饮水，禁止催吐
3319,766-09-6,就医
3320,766-15-4,饮足量温水，催吐
3321,766-15-4,就医
3322,7664-38-2,用水漱口，给饮牛奶或蛋清
3323,7664-38-2,禁止催吐
3324,7664-38-2,就医
3325,7664-39-3,用水漱口，禁止催吐
3326,7664-39-3,给饮牛奶或蛋清
3327,7664-39-3,可口服乳酸钙、葡萄糖酸钙或0.15%石灰水
3328,7664-39-3,就医
3329,7664-41-7,不会通过该途径接触
3330,7664-93-9,用水漱口，给饮牛奶或蛋清
3331,7664-93-9,禁止催吐
3332,7664-93-9,就医
3333,768-56-9,Seek medical assistance.
3334,7681-38-1,用水漱口，给饮牛奶或蛋清
3335,7681-38-1,就医
3336,7681-49-4,饮足量温水，催吐
3337,7681-49-4,3%氯化钙或0.15%石灰水洗胃
3338,7681-49-4,给饮牛奶或蛋清
3339,7681-49-4,就医
3340,7681-52-9,饮足量温水，禁止催吐
3341,7681-55-2,饮足量温水，催吐
3342,7681-55-2,就医
3343,7693-26-7,用水漱口，给饮牛奶或蛋清
3344,7693-26-7,就医
3345,7697-37-2,用水漱口，禁止催吐
3346,7697-37-2,给饮牛奶或蛋清
3347,7697-37-2,就医
3348,77-47-4,饮足量温水，催吐
3349,77-47-4,就医
3350,77-58-7,饮足量温水，催吐
3351,77-58-7,就医
3352,77-73-6,饮足量温水，催吐
3353,77-73-6,就医
3354,77-74-7,饮足量温水，催吐
3355,77-74-7,就医
3356,77-75-8,饮足量温水，催吐
3357,77-75-8,就医
3358,77-76-9,饮水，禁止催吐
3359,77-76-9,如有不适感，就医
3360,77-77-0,禁止催吐！如果发生呕吐，将中毒者头部放低避免呕吐物进入肺部！不要给昏迷者喂食任何东西，可以用温水漱口
3361,77-77-0,就医
3362,77-78-1,用水漱口，给饮牛奶或蛋清
3363,77-78-1,就医
3364,77-98-5,用水漱口，给饮牛奶或蛋清
3365,77-98-5,就医
3366,7700-17-6,饮足量温水，催吐
3367,7700-17-6,用清水或2％～5％碳酸氢钠溶液洗胃
3368,7700-17-6,就医
3369,7704-34-9,用水漱口
3370,7704-34-9,就医
3371,7704-98-5,饮足量温水，催吐
3372,7704-98-5,就医
3373,7704-99-6,饮足量温水，催吐
3374,7704-99-6,就医
3375,7705-07-9,饮水，禁止催吐
3376,7705-07-9,如有不适感，就医
3377,7705-08-0,用水漱口，给饮牛奶或蛋清
3378,7705-08-0,就医
3379,7718-54-9,饮足量温水，催吐
3380,7718-54-9,就医
3381,7718-98-1,饮足量温水，催吐
3382,7718-98-1,就医
3383,7719-09-7,用水漱口，给饮牛奶或蛋清
3384,7719-09-7,禁止催吐
3385,7719-09-7,就医
3386,7719-12-2,用水漱口，无腐蚀症状者洗胃
3387,7719-12-2,忌服油类
3388,7721-01-9,饮足量温水，催吐
3389,7721-01-9,就医
3390,7722-64-7,用水漱口，给饮牛奶或蛋清
3391,7722-64-7,就医
3392,7722-84-1,饮水，口服生蛋清、牛奶、豆浆，亦可服用氢氧化铝凝胶、思密达等保护消化道黏膜
3393,7722-84-1,禁止催吐
3394,7722-84-1,如有不适感，就医
3395,7723-14-0,给饮水
3396,7723-14-0,如有不适感，就医
3397,7726-95-6,用水漱口，禁止催吐
3398,7726-95-6,给饮牛奶或蛋清
3399,7726-95-6,就医
3400,7727-15-3,用水漱口，给饮牛奶或蛋清
3401,7727-15-3,就医
3402,7727-18-6,用水漱口，给饮牛奶或蛋清
3403,7727-18-6,就医
3404,7727-21-1,给饮水
3405,7727-21-1,如有不适感，就医
3406,7727-37-9,不会通过该途径接触
3407,7727-54-0,尽量饮水，给饮牛奶或蛋清
3408,7727-54-0,就医
3409,7757-79-1,漱口
3410,7757-79-1,就医
3411,7758-01-2,漱口，催吐
3412,7758-01-2,给服活性炭悬液
3413,7758-01-2,就医
3414,7758-05-6,饮足量温水，催吐
3415,7758-05-6,给饮牛奶或蛋清
3416,7758-05-6,就医
3417,7758-09-0,饮足量温水，催吐
3418,7758-09-0,就医
3419,7758-97-6,洗胃
3420,7758-97-6,给饮牛奶或蛋清
3421,7758-97-6,就医
3422,776-74-9,用水漱口，给饮牛奶或蛋清
3423,776-74-9,就医
3424,7761-88-8,漱口，禁止催吐
3425,7761-88-8,就医
3426,7774-29-0,如患者神志清醒，催吐，洗胃
3427,7774-29-0,口服活性炭，导泻
3428,7774-29-0,就医
3429,7775-09-9,漱口
3430,7775-09-9,就医
3431,7775-11-3,用清水或 1％硫代硫酸钠溶液洗胃
3432,7775-11-3,给饮牛奶或蛋清
3433,7775-11-3,就医
3434,7775-14-6,漱口，催吐
3435,7775-14-6,就医
3436,7775-27-1,给饮水
3437,7775-27-1,如有不适感，就医
3438,7778-39-4,饮足量温水，催吐
3439,7778-39-4,洗胃
3440,7778-39-4,给饮牛奶或蛋清
3441,7778-39-4,就医
3442,7778-43-0,饮足量温水，催吐
3443,7778-43-0,洗胃
3444,7778-43-0,给饮牛奶或蛋清
3445,7778-43-0,就医
3446,7778-44-1,饮足量温水，催吐
3447,7778-44-1,洗胃
3448,7778-44-1,给服活性炭悬液
3449,7778-44-1,就医
3450,7778-50-9,用水漱口
3451,7778-50-9,给饮牛奶或蛋清
3452,7778-50-9,就医
3453,7778-54-3,饮水，禁止催吐
3454,7778-54-3,如有不适感，就医
3455,7778-74-7,用水漱口，给饮牛奶或蛋清
3456,7778-74-7,就医
3457,7779-88-6,饮足量温水
3458,7779-88-6,就医
3459,7782-41-4,不会通过该途径接触
3460,7782-44-7,不会通过该途径接触
3461,7782-50-5,不会通过该途径接触
3462,7782-68-5,饮水，禁止催吐
3463,7782-68-5,如有不适感，就医
3464,7782-82-3,误服者口服牛奶、豆浆或蛋清；就医
3465,7782-86-7,如患者神志清醒，催吐，洗胃
3466,7782-86-7,口服活性炭，导泻
3467,7782-86-7,就医
3468,7782-89-0,用水漱口，给饮牛奶或蛋清
3469,7782-89-0,就医
3470,7782-99-2,用水漱口，给饮牛奶或蛋清
3471,7782-99-2,就医
3472,7783-00-8,切勿给失去知觉者从嘴里喂食任何东西
3473,7783-00-8, 用水漱口
3474,7783-00-8, 请教医生
3475,7783-06-4,不会通过该途径接触
3476,7783-08-6,用水漱口，给饮牛奶或蛋清
3477,7783-08-6,就医
3478,7783-33-7,饮足量温水，催吐
3479,7783-33-7,洗胃，导泄
3480,7783-33-7,就医
3481,7783-35-9,饮足量温水，催吐
3482,7783-35-9,就医
3483,7783-41-7,不会通过该途径接触
3484,7783-46-2,用水漱口
3485,7783-46-2,就医
3486,7783-49-5,饮足量温水，催吐
3487,7783-49-5,3%氯化钙或0.15%石灰水洗胃
3488,7783-49-5,给饮牛奶或蛋清
3489,7783-49-5,就医
3490,7783-54-2,不会通过该途径接触
3491,7783-55-3,用水漱口，给饮牛奶或蛋清
3492,7783-55-3,就医
3493,7783-56-4,饮足量温水，催吐
3494,7783-56-4,就医
3495,7783-61-1,不会通过该途径接触
3496,7783-64-4,饮足量温水，催吐
3497,7783-64-4,就医
3498,7783-66-6,用水漱口，给饮牛奶或蛋清
3499,7783-66-6,就医
3500,7783-70-2,饮足量温水，催吐
3501,7783-70-2,就医
3502,7783-82-6,用水漱口，给饮牛奶或蛋清
3503,7783-82-6,就医
3504,7783-89-3,饮足量温水，催吐
3505,7783-89-3,就医
3506,7783-92-8,饮足量温水，催吐
3507,7783-92-8,就医
3508,7783-93-9,饮足量温水，催吐
3509,7783-93-9,给饮牛奶或蛋清
3510,7783-93-9,就医
3511,7783-97-3,饮足量温水，催吐
3512,7783-97-3,就医
3513,7784-21-6,饮足量温水，催吐
3514,7784-21-6,就医
3515,7784-27-2,饮足量温水
3516,7784-27-2,就医
3517,7784-33-0,饮足量温水，催吐
3518,7784-33-0,就医
3519,7784-34-1,漱口，禁止催吐
3520,7784-34-1,洗胃
3521,7784-34-1,给饮牛奶或蛋清
3522,7784-34-1,就医
3523,7784-35-2,饮足量温水，催吐
3524,7784-35-2,洗胃
3525,7784-35-2,给饮牛奶或蛋清
3526,7784-35-2,就医
3527,7784-42-1,不会通过该途径接触
3528,7784-44-3,饮足量温水，催吐
3529,7784-44-3,洗胃，导泄
3530,7784-44-3,就医
3531,7784-45-4,饮足量温水，催吐
3532,7784-45-4,洗胃
3533,7784-45-4,给饮牛奶或蛋清
3534,7784-45-4,就医
3535,7784-46-5,漱口，催吐
3536,7784-46-5,洗胃
3537,7784-46-5,给服活性炭悬液
3538,7784-46-5,就医
3539,7786-34-7,饮足量温水，催吐
3540,7786-34-7,用清水或2％～5％碳酸氢钠溶液洗胃
3541,7786-34-7,就医
3542,7786-81-4,饮足量温水，催吐
3543,7786-81-4,洗胃，导泄
3544,7786-81-4,就医
3545,7787-32-8,饮足量温水，催吐
3546,7787-32-8,就医
3547,7787-36-2,饮足量温水，催吐
3548,7787-36-2,用2％～5％硫酸钠溶液洗胃，导泻
3549,7787-36-2,就医
3550,7787-47-5,饮足量温水，催吐
3551,7787-47-5,就医
3552,7787-62-4,用水漱口，给饮牛奶或蛋清
3553,7787-62-4,就医
3554,7787-71-5,用水漱口，给饮牛奶或蛋清
3555,7787-71-5,就医
3556,7788-97-8,用水漱口，给饮牛奶或蛋清，可口服葡萄糖酸钙或0.15%石灰水
3557,7788-97-8,就医
3558,7789-00-6,用清水或 1％硫代硫酸钠溶液洗胃
3559,7789-00-6,给饮牛奶或蛋清
3560,7789-00-6,就医
3561,7789-09-5,用水漱口
3562,7789-09-5,给饮牛奶或蛋清
3563,7789-09-5,就医
3564,7789-18-6,漱口
3565,7789-18-6,就医
3566,7789-19-7,饮足量温水，催吐
3567,7789-19-7,就医
3568,7789-21-1,用水漱口，禁止催吐
3569,7789-21-1,就医
3570,7789-23-3,饮足量温水，催吐，3%氯化钙或0.15%石灰水洗胃
3571,7789-23-3,给饮牛奶或蛋清
3572,7789-23-3,就医
3573,7789-24-4,饮足量温水，催吐
3574,7789-24-4,就医
3575,7789-29-9,用水漱口，给饮牛奶或蛋清
3576,7789-29-9,就医
3577,7789-30-2,用水漱口，给饮牛奶或蛋清
3578,7789-30-2,就医
3579,7789-33-5,用水漱口，给饮牛奶或蛋清
3580,7789-33-5,就医
3581,7789-36-8,饮足量温水，催吐
3582,7789-36-8,就医
3583,7789-38-0,漱口，催吐
3584,7789-38-0,给服活性炭悬液
3585,7789-38-0,就医
3586,7789-40-4,如患者神志清醒，催吐，洗胃
3587,7789-40-4,用1%碘化钠或1%碘化钾溶液洗胃效果更佳
3588,7789-40-4,口服牛奶、淀粉膏、氢氧化铝凝胶、次碳酸铋
3589,7789-40-4,口服活性炭悬液，用硫酸钠、硫酸镁或蓖麻油导泻
3590,7789-40-4,就医
3591,7789-47-1,饮足量温水，催吐
3592,7789-47-1,就医
3593,7789-58-4,用水漱口，给饮牛奶或蛋清
3594,7789-58-4,就医
3595,7789-59-5,用水漱口，给饮牛奶或蛋清
3596,7789-59-5,就医
3597,7789-60-8,用水漱口，无腐蚀症状者洗胃
3598,7789-60-8,忌服油类
3599,7789-60-8,就医
3600,7789-61-9,用水漱口，给饮牛奶或蛋清
3601,7789-61-9,就医
3602,7789-67-5,用水漱口，给饮牛奶或蛋清
3603,7789-67-5,就医
3604,7789-69-7,用水漱口，无腐蚀症状者洗胃
3605,7789-69-7,忌服油类
3606,7789-69-7,就医
3607,7789-78-8,用水漱口，给饮牛奶或蛋清
3608,7789-78-8,就医
3609,7789-80-2,饮水，禁止催吐
3610,7789-80-2,如有不适感，就医
3611,7790-21-8,用水漱口，给饮牛奶或蛋清
3612,7790-21-8,就医
3613,7790-28-5,饮足量温水，催吐
3614,7790-28-5,就医
3615,7790-30-9,如伤者神志清醒，催吐，洗胃
3616,7790-30-9,用1%碘化钠或1%碘化钾溶液洗胃效果更佳
3617,7790-30-9,口服牛奶、淀粉膏、氢氧化铝凝胶、次碳酸铋
3618,7790-30-9,口服活性炭悬液，用硫酸钠、硫酸镁或蓖麻油导泻
3619,7790-30-9,就医
3620,7790-37-6,饮足量温水，催吐
3621,7790-37-6,就医
3622,7790-47-8,用水漱口，给饮牛奶或蛋清
3623,7790-47-8,就医
3624,7790-59-2,用水漱口，给饮牛奶或蛋清
3625,7790-59-2,就医
3626,7790-69-4,饮足量温水，催吐
3627,7790-69-4,就医
3628,7790-79-6,饮足量温水，催吐
3629,7790-79-6,就医
3630,7790-81-0,用水漱口，给饮牛奶或蛋清
3631,7790-81-0,就医
3632,7790-91-2,饮足量温水，催吐
3633,7790-91-2,就医
3634,7790-94-5,用水漱口，给饮牛奶或蛋清
3635,7790-94-5,就医
3636,7790-98-9,饮足量温水，催吐
3637,7790-98-9,给饮牛奶或蛋清
3638,7790-98-9,就医
3639,7790-99-0,用水漱口，给饮牛奶或蛋清
3640,7790-99-0,就医
3641,7791-03-9,饮足量温水，催吐
3642,7791-03-9,就医
3643,7791-10-8,饮足量温水，催吐
3644,7791-10-8,就医
3645,7791-12-0,饮足量温水，催吐
3646,7791-12-0,就医
3647,7791-23-3,用水漱口，禁止催吐
3648,7791-23-3,就医
3649,7791-25-5,用水漱口，给饮牛奶或蛋清
3650,7791-25-5,禁止催吐
3651,7791-25-5,就医
3652,7791-27-7,饮足量温水，催吐
3653,7791-27-7,就医
3654,78-00-2,饮足量温水，催吐
3655,78-00-2,给服活性炭悬液
3656,78-00-2,就医
3657,78-07-9,饮足量温水，催吐
3658,78-07-9,就医
3659,78-10-4,饮水，禁止催吐
3660,78-10-4,如有不适感，就医
3661,78-11-5,饮足量温水，催吐
3662,78-11-5,洗胃，导泄
3663,78-11-5,就医
3664,78-18-2,饮水，禁止催吐
3665,78-18-2,如有不适感，就医
3666,78-34-2,饮足量温水，催吐
3667,78-34-2,用清水或2％～5％碳酸氢钠溶液洗胃
3668,78-34-2,就医
3669,78-53-5,饮足量温水，催吐
3670,78-53-5,洗胃，导泄
3671,78-53-5,就医
3672,78-62-6,饮水，禁止催吐
3673,78-62-6,如有不适感，就医
3674,78-63-7,饮足量温水，催吐
3675,78-63-7,就医
3676,78-67-1,如患者神志清醒，催吐，给服活性炭悬液
3677,78-67-1,洗胃
3678,78-67-1,就医
3679,78-75-1,饮足量温水，催吐
3680,78-75-1,就医
3681,78-77-3,饮足量温水，催吐
3682,78-77-3,就医
3683,78-78-4,饮水，禁止催吐
3684,78-78-4,就医
3685,78-79-5,漱口
3686,78-79-5,如有不适感，就医
3687,78-80-8,饮足量温水，催吐
3688,78-80-8,就医
3689,78-81-9,漱口，尽量饮水，禁止催吐
3690,78-81-9,如有不适感，就医
3691,78-82-0,如患者神志清醒，催吐
3692,78-82-0,洗胃
3693,78-82-0,就医
3694,78-83-1,漱口，饮足量温水，禁止催吐
3695,78-83-1,如有不适感，就医
3696,78-84-2,漱口，尽量饮水，禁止催吐
3697,78-84-2,如有不适感，就医
3698,78-85-3,饮足量温水，催吐
3699,78-85-3,就医
3700,78-86-4,饮水，禁止催吐
3701,78-86-4,如有不适感，就医
3702,78-87-5,饮足量温水，催吐
3703,78-87-5,就医
3704,78-88-6,用水漱口，给饮牛奶或蛋清
3705,78-88-6,就医
3706,78-89-7,饮足量温水，催吐
3707,78-89-7,就医
3708,78-90-0,用水漱口，给饮牛奶或蛋清
3709,78-90-0,就医
3710,78-92-2,饮足量温水，禁止催吐
3711,78-92-2,如有不适感，就医
3712,78-93-3,漱口，尽量饮水，禁止催吐
3713,78-93-3,如有不适感，就医
3714,78-94-4,用水漱口，禁止催吐，给饮牛奶或蛋清
3715,78-94-4,就医
3716,78-95-5,饮足量温水，催吐
3717,78-95-5,就医
3718,78-97-7,饮足量温水，催吐
3719,78-97-7,用1:5000高锰酸钾或５％硫代硫酸钠溶液洗胃
3720,78-97-7,就医
3721,7803-51-2,不会通过该途径接触
3722,7803-52-3,不会通过该途径接触
3723,7803-55-6,饮足量温水，催吐
3724,7803-55-6,洗胃，导泄
3725,7803-55-6,就医
3726,786-19-6,饮足量温水，催吐
3727,786-19-6,用清水或2％～5％碳酸氢钠溶液洗胃
3728,786-19-6,就医
3729,79-00-5,漱口，催吐
3730,79-00-5,就医
3731,79-01-6,漱口，饮足量温水，禁止催吐
3732,79-01-6,避免饮酒
3733,79-01-6,就医
3734,79-03-8,用水漱口，给饮牛奶或蛋清
3735,79-03-8,就医
3736,79-04-9,用水漱口，禁止催吐
3737,79-04-9,就医
3738,79-06-1,饮足量温水，催吐
3739,79-06-1,给饮牛奶或蛋清
3740,79-06-1,就医
3741,79-08-3,用水漱口，给饮牛奶或蛋清
3742,79-08-3,就医
3743,79-09-4,用水漱口，禁止催吐
3744,79-09-4,给饮牛奶或蛋清
3745,79-09-4,就医
3746,79-10-7,用水漱口，给饮牛奶或蛋清
3747,79-10-7,禁止催吐
3748,79-10-7,就医
3749,79-11-8,用水漱口，洗胃
3750,79-11-8,给饮牛奶或蛋清
3751,79-11-8,就医
3752,79-20-9,漱口，饮足量温水
3753,79-20-9,就医
3754,79-21-0,饮水，给饮蛋清、牛奶或豆浆，禁止催吐
3755,79-21-0,如有不适感，就医
3756,79-22-1,漱口，禁止催吐
3757,79-22-1,给饮牛奶或蛋清
3758,79-22-1,就医
3759,79-24-3,漱口，就医
3760,79-27-6,漱口
3761,79-27-6,就医
3762,79-29-8,饮足量温水，催吐
3763,79-29-8,就医
3764,79-30-1,用水漱口，给饮牛奶或蛋清
3765,79-30-1,就医
3766,79-31-2,尽量饮水，禁止催吐
3767,79-31-2,如有不适感，就医
3768,79-34-5,饮水，催吐
3769,79-34-5,就医
3770,79-36-7,用水漱口，给饮牛奶或蛋清
3771,79-36-7,就医
3772,79-41-4,用水漱口，给饮牛奶或蛋清
3773,79-41-4,就医
3774,79-43-6,用水漱口，禁止催吐，给饮牛奶或蛋清
3775,79-43-6,就医
3776,79-46-9,漱口
3777,79-46-9,如有不适感，就医
3778,79-52-7,误服者漱口，给饮牛奶或蛋清，就医
3779,79-92-5,饮足量温水，催吐
3780,79-92-5,就医
3781,80-10-4,用水漱口，给饮牛奶或蛋清
3782,80-10-4,就医
3783,80-12-6,饮足量温水，催吐
3784,80-12-6,尽快彻底洗胃
3785,80-12-6,给饮牛奶或蛋清
3786,80-12-6,昏迷者禁食任何东西！就医
3787,80-15-9,用水漱口，给饮牛奶或蛋清
3788,80-15-9,就医
3789,80-17-1,用水漱口，就医
3790,80-51-3,Seek medical assistance.
3791,80-55-7,饮足量温水，催吐
3792,80-55-7,就医
3793,80-56-8,饮水，禁止催吐
3794,80-56-8,如有不适感，就医
3795,80-62-6,漱口，尽量饮水
3796,80-62-6,如有不适感，就医
3797,8001-35-2,饮足量温水，催吐
3798,8001-35-2,洗胃，导泄
3799,8001-35-2,就医
3800,8006-64-2,尽量饮水，禁止催吐
3801,8006-64-2,如有不适感，就医
3802,8014-95-7,用水漱口，给饮牛奶或蛋清
3803,8014-95-7,就医
3804,8017-16-1,用水漱口，给饮牛奶或蛋清
3805,8017-16-1,就医
3806,8030-30-6,饮水，禁止催吐
3807,8030-30-6,如有不适感，就医
3808,8032-32-4,饮水，禁止催吐
3809,8032-32-4,如有不适感，就医
3810,81-20-9,如患者神志清醒，催吐、洗胃
3811,81-20-9,就医
3812,81-84-5,饮足量温水，催吐
3813,81-84-5,就医
3814,814-49-3,禁止催吐
3815,814-49-3, 切勿给失去知觉者通过口喂任何东西
3816,814-49-3, 用水漱口
3817,814-49-3, 请教医生
3818,814-78-8,饮足量温水，催吐
3819,814-78-8,就医
3820,818-08-6,饮足量温水，催吐
3821,818-08-6,就医
3822,82-66-6,饮足量温水，催吐
3823,82-66-6,洗胃，导泄
3824,82-66-6,就医
3825,82-68-8,饮足量温水，催吐
3826,82-68-8,就医
3827,82-71-3,饮足量温水，催吐
3828,82-71-3,就医
3829,822-06-0,用水漱口，给饮牛奶或蛋清
3830,822-06-0,就医
3831,823-40-5,"Do NOT induce vomiting. If conscious and alert, rinse mouth and drink 2-4 cupfuls of milk or water."
3832,824-72-6,饮足量温水，催吐
3833,824-72-6,就医
3834,824-78-2,饮足量温水，催吐
3835,824-78-2,就医
3836,83-26-1,饮足量温水，催吐
3837,83-26-1,洗胃，导泄
3838,83-26-1,就医
3839,83-32-9,用水漱口，给饮牛奶或蛋清
3840,83-32-9,就医
3841,83-41-0,如伤者神志清醒，催吐，洗胃
3842,83-41-0,就医
3843,84-58-2,饮足量温水，催吐
3844,84-58-2,就医
3845,84-69-5,饮足量温水，催吐
3846,84-69-5,就医
3847,85-41-6,饮足量温水，催吐
3848,85-41-6,就医
3849,85-44-9,用水漱口，给饮牛奶或蛋清
3850,85-44-9,禁止催吐
3851,85-44-9,就医
3852,86-00-0,饮足量温水，催吐
3853,86-00-0,就医
3854,86-30-6,饮足量温水，催吐
3855,86-30-6,就医
3856,86-50-0,饮足量温水，催吐
3857,86-50-0,用清水或2％～5％碳酸氢钠溶液洗胃
3858,86-50-0,就医
3859,86-53-3,饮足量温水，催吐
3860,86-53-3,洗胃，导泄
3861,86-53-3,就医
3862,86-57-7,漱口，给服活性炭悬液
3863,86-57-7,如有不适感，就医
3864,86-74-8,饮足量温水，催吐
3865,86-74-8,就医
3866,865-33-8,"Do NOT induce vomiting. If victim is conscious and alert, give 2-4 cupfuls of milk or water. Never give anything by mouth to an unconscious person. Get medical aid immediately."
3867,865-44-1,用水漱口，给饮牛奶或蛋清
3868,865-44-1,就医
3869,87-56-9,用水漱口，给饮牛奶或蛋清
3870,87-56-9,就医
3871,87-59-2,漱口，给服活性炭悬液
3872,87-59-2,就医
3873,87-61-6,饮足量温水，催吐
3874,87-61-6,就医
3875,87-62-7,漱口，给服活性炭悬液
3876,87-62-7,就医
3877,87-65-0,用水漱口，给饮牛奶或蛋清
3878,87-65-0,就医
3879,87-68-3,用水漱口，给饮牛奶或蛋清
3880,87-68-3,就医
3881,87-86-5,饮足量温水，催吐
3882,87-86-5,用清水或2％～5％碳酸氢钠溶液洗胃
3883,87-86-5,就医
3884,87-90-1,用水漱口，给饮牛奶或蛋清
3885,87-90-1,就医
3886,870-23-5,饮足量温水，催吐
3887,870-23-5,就医
3888,872-05-9,漱口，禁止催吐
3889,872-05-9,如有不适感，就医
3890,88-06-2,误服者饮适量温水，催吐；就医
3891,88-16-4,误服者漱口，给饮牛奶或蛋清，就医
3892,88-18-6,饮足量温水，催吐
3893,88-18-6,就医
3894,88-69-7,饮足量温水，催吐
3895,88-69-7,就医
3896,88-72-2,漱口
3897,88-72-2,就医
3898,88-73-3,误服者给漱口，饮水，洗胃后口服活性炭，再给以导泻；就医
3899,88-74-4,饮足量温水，催吐
3900,88-74-4,就医
3901,88-75-5,就医
3902,88-85-7,饮足量温水，催吐
3903,88-85-7,用清水或2％～5％碳酸氢钠溶液洗胃
3904,88-85-7,就医
3905,88-88-0,饮足量温水，催吐
3906,88-88-0,就医
3907,88-89-1,饮足量温水，催吐
3908,88-89-1,就医
3909,88-95-9,饮足量温水，催吐
3910,88-95-9,就医
3911,89-32-7,饮足量温水，催吐
3912,89-32-7,就医
3913,89-59-8,饮足量温水，催吐
3914,89-59-8,就医
3915,89-61-2,饮足量温水，催吐
3916,89-61-2,就医
3917,89-62-3,饮足量温水，催吐
3918,89-62-3,就医
3919,89-63-4,饮足量温水，催吐
3920,89-63-4,就医
3921,89-64-5,饮足量温水，催吐
3922,89-64-5,就医
3923,89-75-8,饮足量温水，催吐
3924,89-75-8,就医
3925,89-87-2,如伤者神志清醒，催吐，洗胃
3926,89-87-2,就医
3927,89-92-9,饮足量温水，催吐
3928,89-92-9,就医
3929,90-02-8,饮足量温水，催吐
3930,90-02-8,就医
3931,90-03-9,饮足量温水，催吐
3932,90-03-9,就医
3933,90-04-0,饮足量温水，催吐
3934,90-04-0,洗胃，导泄
3935,90-04-0,就医
3936,90-12-0,漱口，给服活性炭悬液
3937,90-12-0,如有不适感，就医
3938,90-13-1,饮足量温水，催吐
3939,90-13-1,洗胃，导泄
3940,90-13-1,就医
3941,90-41-5,饮足量温水，催吐
3942,90-41-5,洗胃，导泄
3943,90-41-5,就医
3944,90-43-7,饮足量温水，催吐
3945,90-43-7,就医
3946,900-95-8,饮足量温水，催吐
3947,900-95-8,就医
3948,9004-70-0,饮足量温水，催吐
3949,9004-70-0,就医
3950,9007-13-0,饮足量温水，催吐
3951,9007-13-0,就医
3952,9016-45-9,"DO NOT INDUCE VOMITING. If the victim is conscious and not convulsing, give 1 or 2 glasses of water to dilute the chemical and IMMEDIATELY call a hospital or poison control center. Be prepared to transport the victim to a hospital if advised by a physician."
3953,91-17-8,饮水，禁止催吐
3954,91-17-8,如有不适感，就医
3955,91-20-3,饮足量温水，催吐
3956,91-20-3,就医
3957,91-22-5,漱口
3958,91-22-5,就医
3959,91-23-6,漱口，给服活性炭悬液
3960,91-23-6,就医
3961,91-57-6,漱口，给服活性炭悬液
3962,91-57-6,如有不适感，就医
3963,91-59-8,饮足量温水，催吐
3964,91-59-8,就医
3965,91-62-3,饮足量温水，催吐
3966,91-62-3,就医
3967,91-63-4,饮足量温水，催吐
3968,91-63-4,就医
3969,91-66-7,饮足量温水，给服活性炭悬液
3970,91-66-7,就医
3971,91-94-1,饮足量温水，催吐
3972,91-94-1,就医
3973,91270-74-5,饮足量温水，催吐
3974,91270-74-5,就医
3975,91724-16-2,饮足量温水，催吐
3976,91724-16-2,洗胃，导泄
3977,91724-16-2,就医
3978,92-52-4,饮足量温水，催吐
3979,92-52-4,就医
3980,92-67-1,饮足量温水，催吐
3981,92-67-1,就医
3982,92-87-5,饮足量温水，催吐
3983,92-87-5,就医
3984,92-93-3,饮足量温水，催吐
3985,92-93-3,就医
3986,922-61-2,饮足量温水，催吐
3987,922-61-2,就医
3988,926-57-8,饮足量温水，催吐
3989,926-57-8,就医
3990,926-64-7,饮足量温水，催吐
3991,926-64-7,就医
3992,926-82-9,饮足量温水，催吐
3993,926-82-9,就医
3994,927-07-1,饮足量温水，催吐
3995,927-07-1,洗胃，导泄
3996,927-07-1,就医
3997,928-45-0,饮足量温水，催吐
3998,928-45-0,就医
3999,928-49-4,饮水，禁止催吐
4000,928-49-4,如有不适感，就医
4001,928-65-4,用水漱口，给饮牛奶或蛋清
4002,928-65-4,就医
4003,929-06-6,用水漱口，给饮牛奶或蛋清
4004,929-06-6,就医
4005,93-58-3,饮足量温水，禁止催吐
4006,93-58-3,就医
4007,93-59-4,饮足量温水，催吐
4008,93-59-4,就医
4009,93-70-9,误服者饮适量温水，催吐；就医
4010,93-72-1,饮足量温水，催吐
4011,93-72-1,洗胃，导泄
4012,93-72-1,就医
4013,93-76-5,饮足量温水，催吐
4014,93-76-5,洗胃，导泄
4015,93-76-5,就医
4016,930-28-9,饮足量温水，催吐
4017,930-28-9,就医
4018,930-68-7,饮足量温水，催吐
4019,930-68-7,就医
4020,931-87-3,饮水，禁止催吐
4021,931-87-3,如有不适感，就医
4022,94-17-7,饮足量温水，催吐
4023,94-17-7,就医
4024,94-36-0,漱口，饮足量温水
4025,94-36-0,就医
4026,95-03-4,饮足量温水，催吐
4027,95-03-4,就医
4028,95-06-7,饮足量温水，催吐
4029,95-06-7,洗胃，导泄
4030,95-06-7,就医
4031,95-46-5,饮足量温水，催吐
4032,95-46-5,就医
4033,95-47-6,饮水，禁止催吐
4034,95-47-6,如有不适感，就医
4035,95-48-7,立即给饮植物油15～30ml
4036,95-48-7,禁止催吐
4037,95-48-7,口服活性炭，导泻
4038,95-48-7,就医
4039,95-48-7,不能使用石蜡油或酒精
4040,95-49-8,饮足量温水，催吐
4041,95-49-8,就医
4042,95-50-1,饮足量温水，禁止催吐
4043,95-50-1,就医
4044,95-50-1,避免饮酒精
4045,95-51-2,饮足量温水，催吐
4046,95-51-2,就医
4047,95-52-3,饮足量温水，催吐
4048,95-52-3,就医
4049,95-53-4,饮足量温水，催吐
4050,95-53-4,给饮牛奶或蛋清
4051,95-53-4,就医
4052,95-54-5,漱口，给服活性炭悬液
4053,95-54-5,就医
4054,95-55-6,漱口，给服活性炭悬液
4055,95-55-6,就医
4056,95-56-7,立即给饮植物油15～30ml
4057,95-56-7,催吐
4058,95-56-7,口服活性炭，导泻
4059,95-56-7,就医
4060,95-56-7,不能使用石蜡油或酒精
4061,95-57-8,漱口，禁止催吐
4062,95-57-8,就医
4063,95-63-6,饮水，禁止催吐
4064,95-63-6,如有不适感，就医
4065,95-63-6,饮酒增加本品毒性
4066,95-64-7,饮足量温水，催吐
4067,95-64-7,就医
4068,95-65-8,尽快彻底洗胃
4069,95-65-8,给饮牛奶或蛋清
4070,95-65-8,就医
4071,95-68-1,漱口，给服活性炭悬液
4072,95-68-1,就医
4073,95-70-5,饮水，催吐
4074,95-70-5,如有不适感，就医
4075,95-73-8,给饮水
4076,95-73-8,如有不适感，就医
4077,95-75-0,给饮水
4078,95-75-0,如有不适感，就医
4079,95-76-1,漱口，饮足量温水
4080,95-76-1,就医
4081,95-77-2,饮足量温水，催吐
4082,95-77-2,就医
4083,95-78-3,漱口，给服活性炭悬液
4084,95-78-3,就医
4085,95-79-4,饮足量温水，催吐
4086,95-79-4,洗胃，导泄
4087,95-79-4,就医
4088,95-80-7,饮水，催吐
4089,95-80-7,如有不适感，就医
4090,95-82-9,漱口，饮足量温水
4091,95-82-9,就医
4092,95-85-2,饮足量温水，催吐
4093,95-85-2,就医
4094,95-87-4,尽快彻底洗胃
4095,95-87-4,给饮牛奶或蛋清
4096,95-87-4,就医
4097,95-92-1,用水
4098,95-92-1,就医
4099,95-94-3,漱口
4100,95-94-3,就医
4101,95-95-4,饮足量温水，催吐
4102,95-95-4,就医
4103,950-35-6,不要给昏迷者喂食任何东西，可以用温水漱口
4104,950-35-6,就医
4105,96-05-9,"If victim is conscious and alert, give 2-4 cupfuls of milk or water. Get medical aid immediately."
4106,96-09-3,饮足量温水，催吐
4107,96-09-3,就医
4108,96-10-6,用水漱口，给饮牛奶或蛋清
4109,96-10-6,就医
4110,96-14-0,饮水，禁止催吐
4111,96-14-0,如有不适感，就医
4112,96-18-4,尽量饮水，禁止催吐
4113,96-18-4,就医
4114,96-22-0,漱口，禁止催吐
4115,96-22-0,如有不适感，就医
4116,96-23-1,饮足量温水，催吐
4117,96-23-1,洗胃，导泄
4118,96-23-1,就医
4119,96-24-2,饮足量温水，催吐
4120,96-24-2,就医
4121,96-29-7,"If victim is conscious and alert, give 2-4 cupfuls of milk or water. Get medical aid immediately."
4122,96-32-2,饮足量温水，催吐
4123,96-32-2,就医
4124,96-33-3,饮水，禁止催吐
4125,96-33-3,如有不适感，就医
4126,96-34-4,漱口，禁止催吐
4127,96-34-4,就医
4128,96-37-7,饮水，禁止催吐
4129,96-37-7,如有不适感，就医
4130,96-41-3,饮水，禁止催吐
4131,96-41-3,如有不适感，就医
4132,96-47-9,饮足量温水，催吐
4133,96-47-9,就医
4134,96-80-0,用水漱口，给饮牛奶或蛋清
4135,96-80-0,就医
4136,96-96-8,"Never give anything by mouth to an unconscious person. Get medical aid immediately. Do NOT induce vomiting. If conscious and alert, rinse mouth and drink 2-4 cupfuls of milk or water."
4137,961-68-2,用水漱口，如有不适感，就医
4138,97-00-7,饮足量温水，催吐
4139,97-00-7,就医
4140,97-02-9,饮足量温水，催吐
4141,97-02-9,就医
4142,97-52-9,饮足量温水，催吐
4143,97-52-9,就医
4144,97-62-1,饮水，禁止催吐
4145,97-62-1,如有不适感，就医
4146,97-63-2,漱口，尽量饮水，禁止催吐
4147,97-63-2,如有不适感，就医
4148,97-64-3,饮水，禁止催吐
4149,97-64-3,如有不适感，就医
4150,97-72-3,饮水，禁止催吐
4151,97-72-3,如有不适感，就医
4152,97-85-8,饮水，禁止催吐
4153,97-85-8,如有不适感，就医
4154,97-86-9,饮水，禁止催吐
4155,97-86-9,如有不适感，就医
4156,97-88-1,漱口
4157,97-88-1,如有不适感，就医
4158,97-93-8,饮水，禁止催吐
4159,97-93-8,如有不适感，就医
4160,97-94-9,饮足量温水，催吐
4161,97-94-9,就医
4162,97-95-0,饮足量温水，催吐
4163,97-95-0,就医
4164,97-96-1,饮足量温水，催吐
4165,97-96-1,就医
4166,97-97-2,饮足量温水，催吐
4167,97-97-2,就医
4168,98-00-0,饮足量温水，催吐
4169,98-00-0,就医
4170,98-01-1,漱口，尽量饮水
4171,98-01-1,如有不适感，就医
4172,98-02-2,误服者漱口，给饮牛奶或蛋清，就医
4173,98-06-6,饮足量温水，催吐
4174,98-06-6,就医
4175,98-07-7,用水漱口，给饮牛奶或蛋清
4176,98-07-7,就医
4177,98-08-8,用水漱口，给饮牛奶或蛋清
4178,98-08-8,就医
4179,98-09-9,用水漱口，给饮牛奶或蛋清
4180,98-09-9,就医
4181,98-12-4,饮足量温水，催吐
4182,98-12-4,就医
4183,98-13-5,用水漱口，给饮牛奶或蛋清
4184,98-13-5,就医
4185,98-15-7,饮足量温水，催吐
4186,98-15-7,就医
4187,98-16-8,用水漱口，给饮牛奶或蛋清
4188,98-16-8,就医
4189,98-47-5,饮足量温水，催吐
4190,98-47-5,就医
4191,98-50-0,饮足量温水，催吐
4192,98-50-0,就医
4193,98-54-4,漱口，大量饮水
4194,98-54-4,就医
4195,98-56-6,饮足量温水，催吐
4196,98-56-6,就医
4197,98-58-8,用水漱口，给饮牛奶或蛋清
4198,98-58-8,就医
4199,98-59-9,饮水，禁止催吐
4200,98-59-9,给饮牛奶或蛋清
4201,98-59-9,就医
4202,98-72-6,饮足量温水，催吐
4203,98-72-6,洗胃，导泄
4204,98-72-6,就医
4205,98-74-8,用水漱口，给饮牛奶或蛋清
4206,98-74-8,就医
4207,98-82-8,漱口，禁止催吐
4208,98-82-8,就医
4209,98-83-9,饮足量温水，催吐
4210,98-83-9,就医
4211,98-85-1,用水漱口，给饮牛奶或蛋清
4212,98-85-1,就医
4213,98-87-3,用水漱口，给饮牛奶或蛋清
4214,98-87-3,就医
4215,98-88-4,用水漱口，禁止催吐
4216,98-88-4,给饮牛奶或蛋清
4217,98-88-4,就医
4218,98-94-2,用水漱口，禁止催吐，给饮牛奶或蛋清
4219,98-94-2,就医
4220,98-95-3,饮足量温水，催吐
4221,98-95-3,就医
4222,98-95-3,饮酒增加本品毒性
4223,99-08-1,漱口，就医
4224,99-09-2,饮足量温水，催吐
4225,99-09-2,就医
4226,99-12-7,如患者神志清醒，催吐，洗胃
4227,99-12-7,就医
4228,99-33-2,用水漱口，给饮牛奶或蛋清
4229,99-33-2,就医
4230,99-35-4,用水漱口
4231,99-35-4,就医
4232,99-51-4,如患者神志清醒，催吐，洗胃
4233,99-51-4,就医
4234,99-52-5,饮足量温水，催吐
4235,99-52-5,就医
4236,99-54-7,饮足量温水，催吐
4237,99-54-7,洗胃，导泄
4238,99-54-7,就医
4239,99-57-0,饮足量温水，催吐
4240,99-57-0,就医
4241,99-63-8,用水漱口，给饮牛奶或蛋清
4242,99-63-8,就医
4243,99-65-0,漱口，给活性炭悬液
4244,99-65-0,就医
4245,99-73-0,饮足量温水，催吐
4246,99-73-0,就医
4247,99-87-6,饮足量温水，催吐
4248,99-87-6,就医
4249,99-89-8,饮足量温水，催吐
4250,99-89-8,就医
4251,99-98-9,饮足量温水，催吐
4252,99-98-9,洗胃，导泄
4253,99-98-9,就医
4254,99-99-0,漱口
4255,99-99-0,就医
4256,990-73-8,禁止催吐！如果发生呕吐，将中毒者头部放低避免呕吐物进入肺部！不要给昏迷者喂食任何东西，可以用温水漱口
4257,990-73-8,就医
4258,993-00-0,用水漱口
4259,993-00-0,禁止催吐
4260,993-00-0,就医
4261,995-33-5,Seek medical assistance.
4262,999-97-3,饮足量温水，催吐
4263,999-97-3,就医
